item_cd,item_desc,type,alternate
52993,A-32,1,
56353,M56 蝎式,1,
56609,T28(概念车),1,
56097,M4A3E8狂怒,1,
12289,A-43,1,
12545,A-44,1,
5953,AMX 38,1,
2881,AMX 40,1,
11073,AMX 50 福熙,1,
4161,AMX 105AM,1,
4673,AMX 13 F3 AM,1,
5185,AMX 13 75,1,
4929,AMX 13 90,1,
13889,AMX 50 福熙 155,1,
3137,AMX 50 100,1,
3905,AMX 50 120,1,
10817,AMX AC 1946型,1,
12097,AMX AC 1948型,1,
6977,AMX M4(1945),1,
14657,AMX 105 AM 47,1,
2625,ARL 44,1,
11585,ARL V39,1,
5121,AT-1,1,
14353,黑豹侦察车,1,
52241,B2 740(f),1,
1089,B1,1,
6721,BDR G1 B,1,
1025,BT-2,1,
769,BT-7,1,
52225,BT-SV,1,
14401,查狄伦155 55,1,
11841,Bat_Chatillon155_58,1,
3649,查狄伦 25 t,1,
2833,野牛,1,
49,59式,1,
561,黄金59式,1,
561,59G,1,A
561,黄金59,1,A
305,62式,1,
817,WZ111,1,
1073,T-34-1,1,
64305,Ch04_T34_1_training,1,
1585,T-34-2,1,
1329,雷诺 NC-31,1,
2353,维克斯 Mk.E,1,
4401,97式,1,
3121,M5A1,1,
3633,IS-2,1,
2865,110,1,
2097,111 I-IV,1,
64049,T-34-3,1,
4913,59-16,1,
3377,WZ131,1,
3889,WZ132,1,
1841,WZ120,1,
4145,121,1,
5169,58式,1,
4657,T-34*,1,
5425,113,1,
64561,112,1,
64817,64式,1,
2145,九七中战,1,
1633,一式中战,1,
353,九七原型车,1,
1377,三式中战,1,
51553,三式改,1,
1121,五式中战,1,
1889,四式中战,1,
51713,丘吉尔L,1,
1601,D1,1,
321,D2,1,
13329,DW2,1,
57105,大麦克斯,1,
9489,E-100,1,
55569,E-25,1,
10257,E-50,1,
9745,E-75,1,
12305,E-50M,1,
14145,AMX ELC,1,
65041,Env_Artillery,1,
6209,F10_AMX_50B,1,
2369,FCM 36 Pak 40,1,
64065,FCM 50 t,1,
7697,斐迪南,1,
59665,克虏伯试验车,1,
17937,III号突击炮B型,1,
18449,Ru251,1,
60689,IV号突击炮,1,
60945,T-55A,1,
60177,“黑豹” 88 L/71,1,
60433,II号坦克D型,1,
6673,黄鼠狼II,1,
6913,SU-85B,1,
81,维克斯Mk.I,1,
5201,A9 MK.I巡洋坦克,1,
4945,瓦伦丁,1,
337,维克斯Mk.II,1,
2385,维克斯Mk.III,1,
849,玛蒂尔达,1,
2897,丘吉尔 I型,1,
4689,丘吉尔 VII型,1,
3153,A43,1,
3921,卡那封,1,
4433,征服者,1,
6225,FV215b,1,
2129,十字军,1,
1105,克伦威尔,1,
5457,彗星,1,
5969,百夫长（逊邱伦）Mk.I,1,
5713,百夫长（逊邱伦）Mk.VII,1,
10577,劳埃德 GC,1,
10833,“笞杖”,1,
3409,“司事”II,1,
11089,“主教”,1,
11345,十字军 SP,1,
11601,FV3805,1,
12369,征服者GC,1,
52561,"A39""土龟""",1,
8273,UC 2磅炮,1,
9809,丘吉尔 GC,1,
8017,瓦伦丁AT,1,
9297,FV215b (183),1,
54353,"A33""奋进""",1,
9041,复仇女神,1,
7761,A13MK.I/MK.III巡洋坦克,1,
7505,A13MK.II/MK.IV巡洋坦克,1,
6481,A13 盟约者,1,
53841,TOG II,1,
53585,玛蒂尔达-黑亲王,1,
6993,A10 Mk.II巡洋坦克,1,
7249,FV4202(105)型,1,
54097,AT 15A,1,
8529,AT 15,1,
8785,AT 2,1,
9553,AT 8,1,
10065,AT 7,1,
54865,Mk.VI C,1,
11857,FV304,1,
54609,司事I,1,
12113,FV207,1,
15121,G.Pz.Mk.VI (e),1,
15377,Gw 虎(P),1,
9233,Gw E系列,1,
8977,黑豹自行火炮,1,
8721,虎式自行火炮,1,
5649,蟋蟀,1,
52497,38H735(f),1,
865,九五轻战,1,
1809,追猎者,1,
1345,Hotchkiss_H35,1,
273,野蜂,1,
513,IS,1,
5377,IS-3,1,
6145,IS-4,1,
7169,IS-7,1,
11521,IS-8,1,
7425,ISU-152,1,
13841,印度坦克方案,1,
3857,猎豹,1,
11537,猎豹II,1,
1553,IV号坦克歼击车,1,
12049,E-100坦克歼击车,1,
7953,猎虎,1,
55313,“猎虎”88 L/71,1,
1281,KV,1,
8961,KV-13,1,
18689,KV-1S,1,
51201,KV-220,1,
54017,KV-220_action,1,
5889,KV-3,1,
53249,KV-5,1,
11777,KV-1,1,
10497,KV-2,1,
11009,KV-4,1,
2913,五式轻战,1,
2401,九八轻战,1,
51809,九八原型车,1,
56577,LTP,1,
14609,豹I,1,
7233,洛林155 50,1,
7489,洛林155 51,1,
3393,洛林39 L AM,1,
5697,洛林 40 t,1,
54289,狮式,1,
3089,早期试验车,1,
9505,M103,1,
6945,"M10 ""狼獾""",1,
7969,M12,1,
11553,"M18 ""地狱猫""",1,
52769,"M22 ""蝉""式",1,
9761,霞飞,1,
65313,霞飞(S型),1,
1825,M2 轻型坦克,1,
4897,M2 中型坦克,1,
7201,"M36 ""杰克逊""",1,
4641,M37,1,
3105,"M3 ""李""",1,
289,"M3 ""斯图亚特""",1,
52737,"M3 ""斯图亚特""L",1,
7457,M40/M43,1,
4129,M41,1,
17953,M41斗牛犬,1,
8993,"M46 ""巴顿""",1,
14113,M48A1,1,
52257,M4A2E4,1,
1313,"M4A3E8 ""谢尔曼""",1,
54305,M4A3E8_Sherman_training,1,
1057,"M4 ""谢尔曼""",1,
16161,M53/M55,1,
5153,"M5 ""斯图亚特""",1,
801,M6,1,
15905,M60,1,
52513,M6A2E1,1,
3617,"M7""牧师""",1,
5409,M7,1,
10273,M8A1,1,
3329,MS-1,1,
16641,MT-25,1,
52001,MTLS-1GI4,1,
11281,黄鼠狼III,1,
51457,玛蒂尔达L,1,
6929,鼠式,1,
609,雷诺轻战,1,
11793,犀牛,1,
9217,IS-6,1,
14337,263工程,1,
13569,268工程,1,
13313,416工程,1,
16897,140工程,1,
8449,212工程,1,
8705,261工程,1,
17153,430工程,1,
8193,704工程,1,
15617,907工程,1,
65281,观察者,1,
8465,黑豹 II,1,
57617,黑豹(伪装M10),1,
3601,I型突击炮,1,
5921,"M26 ""潘兴""",1,
14865,豹I原型车,1,
785,35(t)型,1,
8209,38 nA,1,
3345,38(t)型,1,
12817,I号,1,
2065,II号,1,
4881,III号坦克A型,1,
4369,III号坦克,1,
6417,III/IV号坦克,1,
57873,PzIII_training,1,
51729,II号J型,1,
6161,"II型""山猫""",1,
17,IV号坦克,1,
55057,"IV号 ""液力试验型""",1,
57361,IV号炮塔升级型,1,
12561,I号C型,1,
1297,黑豹,1,
529,虎式,1,
5137,虎王,1,
58129,PzVIB_Tiger_II_training,1,
10769,虎(P),1,
51473,V-IV号坦克,1,
54033,V-IV试验型坦克,1,
58385,PzV_training,1,
13073,II号G型,1,
17169,IV号A型,1,
17425,IV号D型,1,
18193,IV号H型,1,
15633,10.5 cm Sfi IVB,1,
16145,Sfl IVc,1,
17665,430工程II型,1,
2817,KV-85,1,
18433,LTTB,1,
58113,T-34-85M,1,
18177,T-54轻型,1,
58369,260工程,1,
51745,公羊Ⅱ,1,
833,雷诺BS,1,
577,雷诺FT-17,1,
7745,雷诺FT AC,1,
8257,雷诺 UE 57,1,
16657,Rhm・B WT,1,
1793,S-51,1,
51985,S35 739(f)坦克,1,
2657,STA-1,1,
3681,STB-1,1,
10753,ST-I,1,
3585,SU-100,1,
9985,SU-101,1,
4097,SU-14-2,1,
2305,SU-152,1,
3841,SU-18,1,
7681,SU-26,1,
4865,SU-5,1,
6401,SU-76,1,
5633,SU-8,1,
257,SU-85,1,
10241,SU-100M1,1,
54785,SU-100Y,1,
16385,SU-122A,1,
55297,SU-122-44,1,
12033,SU-122-54,1,
16129,SU-14-1,1,
54273,SU-76I,1,
53761,SU-85I,1,
10049,S-35 CA,1,
54049,Sexton_I,1,
10017,小飞象,1,
9793,索玛 S-40,1,
1041,III号突击炮G型,1,
11025,埃米尔,1,
4625,野牛II,1,
53505,T-127,1,
54801,T-15,1,
54545,T-25,1,
4609,T-26,1,
1537,T-28,1,
1,T-34,1,
2561,T-34-85,1,
56321,T-34-85_training,1,
6657,T-43,1,
4353,T-44,1,
3073,T-46,1,
9473,T-50,1,
7937,T-54,1,
15361,T-60,1,
15105,T-70,1,
10785,T110E5,1,
13857,T110E3,1,
13089,T110E4,1,
33,T14,1,
11265,T-150,1,
6177,T18,1,
545,"T1 ""科宁汉姆""",1,
53537,T1E6,1,
3361,T1 重型坦克,1,
1569,T20,1,
15137,T21,1,
2337,T23,1,
11809,T23E3,1,
11041,T25/2,1,
9249,T25 AT,1,
13345,T26E4 超级潘兴,1,
8225,T28,1,
11297,T28 原型车,1,
3873,T29,1,
51489,T2 轻型坦克,1,
5665,T2 中型坦克,1,
2593,T30,1,
4385,T32,1,
2849,T34,1,
16673,T37,1,
7713,T40,1,
56833,T-44-122,1,
57089,T-44-85,1,
18209,T49,1,
15393,T54E1,1,
2081,T57,1,
14881,T57重型坦克,1,
13825,T-62A,1,
10529,T67,1,
14625,T69,1,
15649,T71,1,
55073,T7战斗车,1,
15873,T-80,1,
6433,T82,1,
8481,T92,1,
8737,T95,1,
53793,T95E2,1,
55841,T95E6,1,
9729,T-50-2,1,
3169,九七轻战,1,
54529,"MK VII ""领主""L",1,
54529,领主轻型坦克,1,A
3425,六一式,1,
5393,"VK1602""豹""式",1,
13585,VK2001(D),1,
10001,VK 2801,1,
2577,VK3001(H),1,
6465,AMX 12 t,1,
7185,VK3001(P),1,
4113,VK3002(DB),1,
14097,VK3001(D),1,
15889,VK3002(M),1,
2321,VK3601(H),1,
10513,VK4502(P)A,1,
7441,VK4502(P)B,1,
58641,VK7201,1,
52481,瓦伦丁L,1,
16913,E-100 WT,1,
16401,IV WT,1,
5905,黄蜂,1,
2113,105 leFH18B2,1,
2049,A-20,1,
17410,A-32(履带),2,
10242,AT-1(履带),2,
2562,BT-2(履带),2,
1794,BT-7(履带),2,
16130,BT-SV(履带),2,
10754,IS-3(履带),2,
12290,IS-4(履带),2,
14850,IS-7(履带),2,
15362,ISU-152(履带),2,
5634,KV-1S(履带),2,
11778,KV-3(履带),2,
65282,观察者(履带),2,
3074,S-51(履带),2,
8194,SU-14-2(履带),2,
7682,SU-18(履带),2,
9730,SU-5(履带),2,
12802,SU-76(履带),2,
11266,SU-8(履带),2,
9218,T-26(履带),2,
5122,T-34-85(履带),2,
13314,T-43(履带),2,
8706,T-44(履带),2,
10018,T49(履带),2,
5138,VK3001(H)(履带),2,
15378,VK3001(P)(履带),2,
19714,KV-13(履带),2,
19730,38nA标准型履带(履带),2,
19746,T25T2(履带),2,
19778,ARL V39 bis(履带),2,
19794,复仇女神 MK.I(履带),2,
19970,KV-13M(履带),2,
19986,38nA加强型履带(履带),2,
20002,T97E1(履带),2,
20034,查狄伦 155(履带),2,
20050,复仇女神MK.IV(履带),2,
20226,KV-5(履带),2,
20242,黑豹IIA型履带(履带),2,
20258,T97E2(履带),2,
20290,查狄伦 155 Bis(履带),2,
20306,FV215b(履带),2,
20482,T-127(履带),2,
20498,黑豹IIB型履带(履带),2,
20514,T24(履带),2,
20546,1948型悬挂(履带),2,
20562,丘吉尔GC(履带),2,
20738,252工程(履带),2,
20754,"GW""虎""A型履带(履带)",2,
20770,M24(履带),2,
20802,1949型悬挂(履带),2,
20818,丘吉尔GC MK.II(履带),2,
20994,252工程M(履带),2,
21010,"GW""虎""B型履带(履带)",2,
21026,VVSST48E2(履带),2,
21074,AT 7(履带),2,
21250,T-50(履带),2,
21266,"GW""黑豹""A型履带(履带)",2,
21282,VVSST51E2(履带),2,
21330,AT 7 Mk.II(履带),2,
21506,T-50M(履带),2,
21522,"GW""黑豹""B型履带(履带)",2,
21538,VVS T16(履带),2,
21586,A39MK.II(履带),2,
21762,T-50-2(履带),2,
21778,狮式履带(履带),2,
21794,T36 E6(履带),2,
21842,A33(履带),2,
22018,T-50-2M(履带),2,
22034,GW E100 履带(履带),2,
22050,T49E1(履带),2,
22098,劳埃德 Mk.I(履带),2,
22274,SU-101(履带),2,
22290,Gw E100 专用型履带(履带),2,
22306,T49E2(履带),2,
22354,劳埃德 Mk.II(履带),2,
22530,SU-102(履带),2,
22546,T-25履带(履带),2,
22562,T110E27(履带),2,
22610,司事I(履带),2,
22786,SU-85I(履带),2,
22802,T-15履带(履带),2,
22818,T25/2T1(履带),2,
22866,“笞杖”Mk.I(履带),2,
23042,SU-100M1(履带),2,
23058,E-100履带(履带),2,
23074,T25/2T4(履带),2,
23122,“笞杖”Mk.II(履带),2,
23298,SU-100M1 Bis(履带),2,
23314,曼A型履带(履带),2,
23330,T28P E2(履带),2,
23362,1952型悬挂(履带),2,
23378,瓦伦丁Mk.II(履带),2,
23554,KV-2 1940型(履带),2,
23570,曼B型履带(履带),2,
23586,T28P E4(履带),2,
23618,1953型悬挂(履带),2,
23634,“主教”(履带),2,
23810,KV-2 1941型(履带),2,
23826,VK2801A型履带(履带),2,
23842,M18 T67(履带),2,
23874,AMX ELC(履带),2,
23890,十字军 Mk.II(履带),2,
24066,KV220_A,2,
24082,VK2801B型履带(履带),2,
24098,M18 T69(履带),2,
24130,AMX ELC bis(履带),2,
24146,十字军 SP(履带),2,
24322,SU-76I(履带),2,
24338,E-100A型履带(履带),2,
24354,T23E3(履带),2,
24386,FCM 50 t(履带),2,
24402,FV3805(履带),2,
24578,IS-6(履带),2,
24594,E-100C型履带(履带),2,
24610,T80E3A(履带),2,
24642,查狄伦155 55(履带),2,
24658,FV3806(履带),2,
24834,ST-I(履带),2,
24850,VK4502(A)A型履带(履带),2,
24866,V号1943型(履带),2,
24898,查狄伦155 56(履带),2,
24914,FV304(履带),2,
25090,ST-IM(履带),2,
25106,VK4503(B)C型履带(履带),2,
25154,AMX 105 AM 47(履带),2,
25170,FV304 Mk.II(履带),2,
25346,领主(履带),2,
25362,虎P A型履带(履带),2,
25410,AMX 105 AM 47 II(履带),2,
25426,FV206(履带),2,
25602,KV-4(履带),2,
25618,虎P C型履带(履带),2,
25682,FV207(履带),2,
25858,KV-4 Bis(履带),2,
25874,四号液力(履带),2,
25938,征服者GC(履带),2,
26114,T-150(履带),2,
26130,悬挂系统(履带),2,
26194,Mk.VI C(履带),2,
26370,T-150M(履带),2,
26386,埃米尔(履带),2,
26402,T110E4(履带),2,
26626,Т-10(履带),2,
26642,埃米尔II(履带),2,
26658,М26Т80Е1(履带),2,
26882,T-10M(履带),2,
26898,黄鼠狼38H(履带),2,
27138,1940型(履带),2,
27154,黄鼠狼38M(履带),2,
27170,T110E3(履带),2,
27394,1941型(履带),2,
27410,黑豹II-F型履带(履带),2,
27426,维克斯 E(履带),2,
27650,SU-122-54M1(履带),2,
27666,黑豹II-G型履带(履带),2,
27906,SU-122-54M2(履带),2,
27922,犀牛(履带),2,
27938,T95E2(履带),2,
28162,A-43 A型(履带),2,
28178,犀牛加强型(履带),2,
28418,A-43 B型(履带),2,
28434,E-100坦克歼击车履带(履带),2,
28450,T84E1(履带),2,
28674,A-44(履带),2,
28690,E-25 履带(履带),2,
28706,T95(履带),2,
28930,A-44加强型(履带),2,
28962,T97(履带),2,
29218,VVSS T48M1A1(履带),2,
29458,Chassis_White_Tiger_2,2,
29474,VVSS T48M1A2(履带),2,
29730,T54E1(履带),2,
29986,T54E1M2(履带),2,
30210,SU-100Y(履带),2,
30226,B.W履带(履带),2,
30242,T71(履带),2,
30466,416工程1952型(履带),2,
30482,IV号 G型履带(履带),2,
30498,T71A1(履带),2,
30722,416工程1953型(履带),2,
30738,E-50M A型履带(履带),2,
30978,Т-10M-S(履带),2,
31010,NVSS_T801,2,
31250,PzIIIketten_Ausf_L_T,2,
31490,T-62(履带),2,
31506,PzVIB_Vetstaerktketten_T,2,
31522,M60(履带),2,
31746,T-44A(履带),2,
31762,Pz-V_Vetstaerktketten_T,2,
32002,SU-122-44(履带),2,
32018,VK 6.01(履带),2,
32034,T97/T108(履带),2,
32258,260工程(履带),2,
32274,VK 6.02(履带),2,
32290,M53/M55(履带),2,
32530,I号A型(履带),2,
32546,T99E1(履带),2,
32786,Chassis_PzI_1,2,
32802,M44(履带),2,
33042,I号B型(履带),2,
33058,T7战斗车(履带),2,
33298,VK 9.01(履带),2,
33554,II号G型(履带),2,
33570,T37(履带),2,
33810,DW(履带),2,
33826,T41 实验型 1(履带),2,
34066,DW2(履带),2,
34306,T-34-85Bis2,2,
34322,VK2001(D)型(履带),2,
34562,T-70(履带),2,
34578,VK2001(D)2型(履带),2,
34818,T-70加强型(履带),2,
34834,VK 7201 (K)(履带),2,
34850,T95E6(履带),2,
35074,T-60(履带),2,
35090,B-PS 102(履带),2,
35330,T-60加强型(履带),2,
35346,印度坦克方案(履带),2,
35586,907工程(履带),2,
35602,VK3001（D）(履带),2,
35842,T-80(履带),2,
35858,VK3001(D)加强型(履带),2,
36098,T-80加强型(履带),2,
36114,侦察车履带(履带),2,
36354,SU-14(履带),2,
36370,加强型履带(履带),2,
36386,M41(履带),2,
36610,SU-14-1(履带),2,
36626,豹I(履带),2,
36642,M41A1(履带),2,
36866,SU-122A(履带),2,
36882,A组1型履带(履带),2,
36898,M4A3E8狂怒(履带),2,
37122,SU-122A 加强型(履带),2,
37138,A组2型履带(履带),2,
37378,MT-25(履带),2,
37394,Mk.VIB(履带),2,
37410,XM551 试验车(履带),2,
37634,MT-25加强型(履带),2,
37650,G.Pz.Mk.VI (e)(履带),2,
37666,M24 增强型(履带),2,
37890,LTP(履带),2,
37906,Gw 虎(P)(履带),2,
37922,M56 蝎式(履带),2,
38178,T28 Con(履带),2,
38402,140工程(履带),2,
38418,Pz.Sfl.IVb(履带),2,
38658,140工程OMSH(履带),2,
38674,Pz.Sfl.IVb3(履带),2,
38914,430工程(履带),2,
39170,T-44-85(履带),2,
39186,VK3002(M)(履带),2,
39442,VK3002A型(履带),2,
39698,Sfl.IVc(履带),2,
39954,Sfl.IVc加强型(履带),2,
40210,IV WT(履带),2,
40450,430工程2号方案(履带),2,
40466,IV WT-2(履带),2,
40706,430工程2号方案加强版(履带),2,
40722,Rhm・B(履带),2,
40978,Rhm・B加强型(履带),2,
41234,E-100 WT(履带),2,
41474,T-62A  S型(履带),2,
41490,IV号A型(履带),2,
41730,T-54轻型(履带),2,
41746,IV号B型(履带),2,
41986,T-54轻型版增强型(履带),2,
42002,IV号C型(履带),2,
42242,LTTB(履带),2,
42258,IV号D型(履带),2,
42498,LTTB 增强型(履带),2,
42754,KV-85(履带),2,
43010,KV-122(履带),2,
43026,克虏伯中坦试验车(履带),2,
43266,T-34-85M(履带),2,
43522,260工程1945型(履带),2,
43794,III号B型(履带),2,
44050,III号E型(履带),2,
44306,Karl Ketten(履带),2,
44562,IV号G型(履带),2,
44818,IV号H型(履带),2,
45330,Ru 251 PT I(履带),2,
45586,Ru 251 PT II(履带),2,
45842,Chassis_Env_Artillery,2,
46098,IV号突击炮(履带),2,
46354,黑豹 密88cm Kw.K.43 L/71(履带),2,
46610,II号D型(履带),2,
46866,T-55A(履带),2,
47122,“虎”式坦克E(履带),2,
378626,T-44-122(履带),2,
2,1940型 (4-档 变速箱)(履带),2,
18,IV号A型履带(履带),2,
34,T14(履带),2,
50,59式(履带),2,
66,AMX 13 75A(履带),2,
98,三式改(履带),2,
258,1942型 (5-档 变速箱)(履带),2,
274,IV号东线型履带(履带),2,
290,斯图亚特 E1(履带),2,
306,62 A(履带),2,
322,AMX 13 2A(履带),2,
338,A39(履带),2,
354,九八-乙津方(履带),2,
530,野蜂 A型(履带),2,
546,斯图亚特 E2(履带),2,
562,黄金59式(履带),2,
578,D2(履带),2,
610,中战2号(履带),2,
786,野蜂 B型(履带),2,
802,科宁汉姆 E1(履带),2,
818,WZ111(履带),2,
834,D2 bis(履带),2,
866,九七中战原型车(履带),2,
1026,IS-1(履带),2,
1042,虎式窄履带(履带),2,
1058,科宁汉姆 E2(履带),2,
1074,T-34-1(履带),2,
1090,M17(履带),2,
1106,维克斯 中型坦克(履带),2,
1122,雷诺NC-27(履带),2,
1282,IS-2M(履带),2,
1298,虎式宽履带(履带),2,
1314,T16E2(履带),2,
1330,T-34-1 II(履带),2,
1346,M26/27(履带),2,
1362,维克斯 中型坦克 Mk.I(履带),2,
1378,雷诺-Otsu(履带),2,
1538,BT-5(履带),2,
1554,35(t)初期型履带(履带),2,
1570,HVS1(履带),2,
1586,M24/25(履带),2,
1602,雷诺BS M17(履带),2,
1618,维克斯Mk.II(履带),2,
1634,九五轻战(履带),2,
1810,35(t)加强型履带(履带),2,
1826,HVS2(履带),2,
1858,雷诺BS M26/M27(履带),2,
1874,维克斯Mk.IIA(履带),2,
1890,四式轻战(履带),2,
2050,T-28(履带),2,
2066,III号突击炮A型(履带),2,
2082,T41(履带),2,
2098,T-34-2(履带),2,
2114,B1(履带),2,
2146,五式中战1号(履带),2,
2306,T-28A(履带),2,
2322,III号突击炮东线型履带(履带),2,
2338,T42(履带),2,
2354,T-34-2 II(履带),2,
2370,B1 bis(履带),2,
2402,五式中战2号(履带),2,
2594,NVSS T66(履带),2,
2610,WZ120(履带),2,
2626,H35(履带),2,
2642,Mk.II(履带),2,
2658,新式中战(履带),2,
2834,V号1945型(履带),2,
2850,NVSS T80(履带),2,
2866,WZ-120 III(履带),2,
2882,H39(履带),2,
2898,Mk.IIA(履带),2,
2914,三式中战(履带),2,
3586,KV-1(履带),2,
3090,追猎者 A型(履带),2,
3106,HVSS T48(履带),2,
3138,D1(履带),2,
3154,A27L(履带),2,
3170,一式中战(履带),2,
3330,S-51 Bis(履带),2,
3346,追猎者 B型(履带),2,
3362,HVSS T51(履带),2,
3378,111 IV(履带),2,
3394,D1 bis(履带),2,
3410,A27M(履带),2,
3426,二式中战(履带),2,
4098,A-20 1938型(履带),2,
3602,IV号坦克歼击车 1940年型(履带),2,
3618,VVSS T16E1(履带),2,
3634,维克斯 Mk.E(履带),2,
3682,四式中战原型车(履带),2,
3842,KV-2(履带),2,
3858,IV号坦克歼击车(履带),2,
3874,VVSS T16E2(履带),2,
3890,T-26-2(履带),2,
3906,leFH18B2(履带),2,
3938,四式中战(履带),2,
4114,II号A型履带(履带),2,
4130,VVSS T36E6(履带),2,
4162,FCM B1(履带),2,
4194,九七中战(履带),2,
4354,A-20 1941型(履带),2,
4370,II号B型履带(履带),2,
4386,VVSS T55E1(履带),2,
4402,110(履带),2,
4418,ARL 44(履带),2,
4450,九七改中战(履带),2,
4610,SU-152(履带),2,
4626,VK3601(H) 履带(履带),2,
4642,VVSS T51(履带),2,
4658,110-1(履带),2,
4674,ARL 44 bis(履带),2,
4706,九八轻战(履带),2,
4866,SU-152M(履带),2,
4882,VK3601(H)B型履带(履带),2,
4898,VVSS T80(履带),2,
4930,AMX 40(履带),2,
4962,二式轻战(履带),2,
9474,T-26M(履带),2,
5154,VVSS WE210(履带),2,
5186,AMX 40 bis(履带),2,
5202,Mk.VI(履带),2,
5218,STA-1(履带),2,
5378,T-34-85-60(履带),2,
5394,VK3001H  B型履带(履带),2,
5410,T84E38(履带),2,
5426,WZ131(履带),2,
5442,AMX 50 100(履带),2,
5458,Mk.III(履带),2,
5474,STA-3(履带),2,
6146,T-46-1(履带),2,
5650,野牛(履带),2,
5666,T80E1(履带),2,
5682,WZ131 II(履带),2,
5698,AMX 50 100 B(履带),2,
5714,Chassis_GB06_Vickers_Medium_Mk_III,2,
5730,五式轻战(履带),2,
5890,KV-1S 1943型(履带),2,
5906,野牛II(履带),2,
5922,T80E3(履带),2,
5938,IS-2早期型(履带),2,
5954,洛林39 L AM(履带),2,
5970,Chassis_GB06_Vickers_Medium_Mk_III_2,2,
5986,五式改轻战(履带),2,
6162,早期试验车履带(履带),2,
6178,VVSS T41(履带),2,
6194,IS-2后期型(履带),2,
6210,洛林39 L AM Bis(履带),2,
6242,九七式(履带),2,
6402,T-46-2,2,
6418,早期试验车B型履带(履带),2,
6434,VVSS T48(履带),2,
6450,WZ131 I(履带),2,
6466,查狄伦 25t A(履带),2,
6658,MS-1(履带),2,
6674,38(t)初始型履带(履带),2,
6690,HVSS T31(履带),2,
6706,WZ132(履带),2,
6722,查狄伦 25t B(履带),2,
6738,A22(履带),2,
6754,STA-4(履带),2,
6914,T-18(履带),2,
6930,38(t)加强型履带(履带),2,
6946,HVSS T35(履带),2,
6962,121(履带),2,
6978,AMX 50 120(履带),2,
6994,Mk.IV(履带),2,
7010,六一式(履带),2,
7170,SU-100(履带),2,
7186,I突I型履带(履带),2,
7202,VVSS T49(履带),2,
7234,AMX 50 120 B(履带),2,
7250,A43(履带),2,
7266,STB-1(履带),2,
7426,SU-100-60(履带),2,
7474,97式(履带),2,
7490,AMX 105a(履带),2,
7506,A43 Mk.II(履带),2,
7698,猎豹 A型(履带),2,
7730,100式(履带),2,
7746,AMX 105b(履带),2,
7938,SU-18 Bis(履带),2,
7954,猎豹 B型(履带),2,
7970,T84E3(履带),2,
7986,T-34(履带),2,
8002,BDR G1 B(履带),2,
8018,西摩(履带),2,
8210,VK3002DB初始型履带(履带),2,
8226,T72(履带),2,
8242,T-34M(履带),2,
8258,Chassis_Renault_G1R,2,
8274,“司事”II(履带),2,
8450,SU-14bis(履带),2,
8466,VK3002DB加强型履带(履带),2,
8482,T72E1(履带),2,
8498,131(履带),2,
8514,Chassis_Renault_G1R_2,2,
8722,III号坦克J型(履带),2,
8738,T84E1A(履带),2,
8754,131 II(履带),2,
8770,AMX 13 F3 AM(履带),2,
8962,T-44M(履带),2,
8978,III号东线型履带(履带),2,
8994,T84E3A(履带),2,
9026,AMX 13 F3AM B(履带),2,
9042,FV221(履带),2,
9234,野牛A型履带(履带),2,
9250,T85E1(履带),2,
9266,58式(履带),2,
9282,AMX 13 90A(履带),2,
9298,FV221A(履带),2,
9490,野牛B型履带(履带),2,
9506,T85E2(履带),2,
9522,T-34-3(履带),2,
9538,AMX 13 90B(履带),2,
9746,III号坦克A型(履带),2,
9762,T48(履带),2,
9778,113(履带),2,
9794,雷诺 UE Bis(履带),2,
9986,SU-5 Bis(履带),2,
10002,III-IV号坦克B型(履带),2,
10034,Chassis_Ch04_T34_1_training,2,
10066,FV214(履带),2,
10258,PzVIB  标准型履带(履带),2,
10274,MTLS T1(履带),2,
10290,112(履带),2,
10306,洛林 A型(履带),2,
10322,FV214А(履带),2,
10498,AT-1bis(履带),2,
10514,VIB加强型履带(履带),2,
10530,VVSS T16E3(履带),2,
10546,64式(履带),2,
10562,洛林 B型(履带),2,
10770,豹A型履带(履带),2,
10786,VVSS T36E8(履带),2,
10818,AMX38(履带),2,
10834,A22F(履带),2,
11010,IS-3M(履带),2,
11026,豹B型履带(履带),2,
11074,AMX 38B(履带),2,
11090,瓦伦丁Mk.I型履带(履带),2,
11282,蟋蟀 A型(履带),2,
11298,VVSS T48A(履带),2,
11330,AMX 50 B(履带),2,
11346,瓦伦丁 Mk.VI型履带(履带),2,
11522,SU-8 Bis(履带),2,
11538,蟋蟀 B型(履带),2,
11554,T2E1(履带),2,
11586,AMX 12t(履带),2,
11602,Mk.IIA型履带(履带),2,
11810,T2E4(履带),2,
11842,AMX 12t Bis(履带),2,
11858,A9 Mk.I(履带),2,
12034,KV-3 Bis(履带),2,
12050,黄蜂A型履带(履带),2,
12066,M26T80E1(履带),2,
12098,BDR G1 B bis(履带),2,
12114,A9 Mk.II(履带),2,
12306,黄蜂B型履带(履带),2,
12322,M26T81(履带),2,
12354,AMX M4(履带),2,
12370,A34(履带),2,
12546,IS-4M(履带),2,
12562,山猫A型履带(履带),2,
12578,T18E1(履带),2,
12610,AMX M4 Bis(履带),2,
12626,A34A(履带),2,
12818,山猫B型履带(履带),2,
12834,T18E2(履带),2,
12866,洛林 155 50(履带),2,
12882,Mk.VII(履带),2,
13058,SU-76M(履带),2,
13074,V-IV履带(履带),2,
13090,T82T55E2(履带),2,
13122,洛林 155 50 Bis(履带),2,
13138,Mk.IX(履带),2,
13330,II号J(履带),2,
13346,T82T55E4(履带),2,
13378,洛林 155 51(履带),2,
13394,A41(履带),2,
13570,T-43M(履带),2,
13586,III-IV号坦克(履带),2,
13602,T24VVSS T41(履带),2,
13650,A41A(履带),2,
13826,KV-220(履带),2,
13858,Chassis_T24_2,2,
13890,雷诺FT AC(履带),2,
13906,FV215(履带),2,
14082,玛蒂尔达L(履带),2,
14098,黄鼠狼II A型(履带),2,
14114,M10T41(履带),2,
14146,雷诺FT AC Bis(履带),2,
14162,征服者 I(履带),2,
14338,SU-85A(履带),2,
14354,黄鼠狼II B型(履带),2,
14370,M10T42(履带),2,
14402,Chassis_AMX_13FL11_2,2,
14418,征服者 III(履带),2,
14594,SU-85B(履带),2,
14610,鼠式履带(履带),2,
14626,M4A2E4T42(履带),2,
14658,雷诺 UE(履带),2,
14866,S-35履带(履带),2,
14882,M36T41(履带),2,
14930,A10 Mk.I(履带),2,
15106,丘吉尔L(履带),2,
15122,B2 740(f)履带(履带),2,
15138,M36T42(履带),2,
15170,2C Bis(履带),2,
15186,A10 Mk.II(履带),2,
15394,M40(履带),2,
15442,FV4202(履带),2,
15618,ISU-152M(履带),2,
15634,VK3001P B型履带(履带),2,
15650,M43(履带),2,
15890,VK4502(P)初始型履带(履带),2,
15906,T40T41(履带),2,
15361042,虎式E型(履带),2,
15361106,FV304 Mk. II(履带),2,
15361298,III号G型(履带),2,
15954,Mk.IVA(履带),2,
16146,VK4502(P)加强型履带(履带),2,
16162,T40T48(履带),2,
16194,索玛 S 40(履带),2,
16210,TOG II*(履带),2,
16386,瓦伦丁 MK I(履带),2,
16402,H35履带(履带),2,
16418,M12T48(履带),2,
16450,索玛 S 40 Bis(履带),2,
16466,A13Mk.III(履带),2,
16642,SU-26(履带),2,
16674,M12T51(履带),2,
16706,S-35CA(履带),2,
16722,A13Mk.III*(履带),2,
16898,SU-26 Bis(履带),2,
16914,斐迪南 标准型履带(履带),2,
16930,T28VVSS T46(履带),2,
16962,S-35CA Bis(履带),2,
16978,AT 15A(履带),2,
17170,斐迪南加强型履带(履带),2,
17186,T28VVSS T56(履带),2,
17234,瓦伦丁AT MK.I(履带),2,
17442,T92 T80E1(履带),2,
17490,瓦伦丁AT MK.II(履带),2,
17666,T-54(履带),2,
17698,T92 T82E4(履带),2,
17746,UC MK.I(履带),2,
17922,T-54M(履带),2,
17954,T95HVSS(履带),2,
17986,AMX AC 1946型(履带),2,
18002,UC MK.II(履带),2,
18178,704工程(履带),2,
18210,T95HVSSM2(履带),2,
18242,AMX AC 1946 Bis型(履带),2,
18258,AT 15(履带),2,
18434,704工程M(履带),2,
18466,M6A2E1HVSS(履带),2,
18498,AMX 50 福熙(履带),2,
18514,AT 15 Mk.II(履带),2,
18690,212工程(履带),2,
18722,VVST78(履带),2,
18754,AMX 50 福熙 2型(履带),2,
18770,AT 8(履带),2,
18946,Object 212M(履带),2,
18962,猎虎标准型履带(履带),2,
18978,M46T80E1(履带),2,
19010,Chassis_Char_50t_B,2,
19026,AT 8 Mk.II(履带),2,
19202,261工程(履带),2,
19218,猎虎加强型履带(履带),2,
19234,M46T81(履带),2,
19266,Chassis_Char_50t_B_2,2,
19282,AT 2(履带),2,
19458,261工程M(履带),2,
19474,PzV-IVketten_ausfA,2,
19490,T25T1(履带),2,
19522,ARL V39(履带),2,
19538,AT 2 Mk.II(履带),2,
15360274,猎虎 88(履带),2,
15360306,WZ-132(履带),2,
15360322,AMX AC mle.49(履带),2,
15360338,百夫长 Mk.III(履带),2,
15360530,黑豹 II 悬挂(履带),2,
15360578,AMX 13 Type 2D(履带),2,
15360786,虎 II(履带),2,
8451,AT-1(炮塔),3,
13059,BT-SV(炮塔),3,
8707,IS-3(炮塔),3,
12035,IS-7(炮塔),3,
9731,KV-3(炮塔),3,
9763,M5A1(炮塔),3,
11523,玛蒂尔达L(炮塔),3,
65283,观察者(炮塔),3,
6403,SU-100(炮塔),3,
6659,SU-18(炮塔),3,
13571,SU-26(炮塔),3,
8195,SU-5(炮塔),3,
10499,SU-76(炮塔),3,
4355,T-34-85(炮塔),3,
7171,T-44(炮塔),3,
5379,T-46(炮塔),3,
13315,瓦伦丁L(炮塔),3,
19539,“笞杖”(炮塔),3,
19715,SU-76I(炮塔),3,
19731,E-50A型炮塔(炮塔),3,
19747,T25/2T7(炮塔),3,
19779,AMX 105 AM 47(炮塔),3,
19795,Turret_1_GB28_Bishop,3,
19971,IS-6(炮塔),3,
19987,E-50F型炮塔(炮塔),3,
20003,T28P D1(炮塔),3,
20051,Turret_1_GB29_Crusader_5inch,3,
20227,ST-I 701 No.4(炮塔),3,
20243,VK4502(A)A型炮塔(炮塔),3,
20259,M18 M34A1(炮塔),3,
20307,Turret_2_GB29_Crusader_5inch,3,
20483,ST-I(炮塔),3,
20499,VK4502(A)F型炮塔(炮塔),3,
20515,M18 M1(炮塔),3,
20563,Turret_3_GB29_Crusader_5inch,3,
20739,"Mk VII ""领主""(炮塔)",3,
20755,虎(P)A型炮塔(炮塔),3,
20771,T23E3(炮塔),3,
20819,FV3805(炮塔),3,
20995,KV-4(炮塔),3,
21011,虎P F型炮塔(炮塔),3,
21027,V号G型(炮塔),3,
21075,FV304(炮塔),3,
21251,KV-4-5(炮塔),3,
21267,四号液力(炮塔),3,
21331,Turret_2_GB77_FV304,3,
21507,T-150-KV(炮塔),3,
21523,SdKfz 185(炮塔),3,
21587,Turret_1_GB79_FV206,3,
21763,T-150-220(炮塔),3,
21779,埃米尔(炮塔),3,
21843,Turret_1_GB31_Conqueror_Gun,3,
22019,T-10(炮塔),3,
22035,黄鼠狼III(炮塔),3,
22099,Turret_2_GB27_Sexton,3,
22275,T-10M(炮塔),3,
22291,猎豹II炮塔(炮塔),3,
22355,Mk.VI C(炮塔),3,
22531,1940年LKZ型(炮塔),3,
22547,犀牛(炮塔),3,
22563,T110E4(炮塔),3,
22787,1942年ChTZ型(炮塔),3,
22803, E100(炮塔),3,
22819,T26E4(炮塔),3,
23043,SU-122/54(炮塔),3,
23059,E-25(炮塔),3,
23299,A-43(炮塔),3,
23331,T110E3(炮塔),3,
23555,A-44(炮塔),3,
23587,T1(炮塔),3,
23827,Turret_1_White_Tiger_2,3,
23843,M87(炮塔),3,
24067,A-44加强型(炮塔),3,
24099,T95E2(炮塔),3,
24595,大麦克斯(炮塔),3,
24611,T178(炮塔),3,
24835,SU-100Y(炮塔),3,
24851,IV号炮塔(炮塔),3,
24867,T169(炮塔),3,
25091,416工程1952型(炮塔),3,
25107,E-50M F型炮塔(炮塔),3,
25123,T21M47(炮塔),3,
25347,416工程1953型(炮塔),3,
25379,T21(炮塔),3,
25603,268工程(炮塔),3,
25619,PzIII_Ausf_E_T,3,
25635,T157(炮塔),3,
25875,PzVIB_Porsche_Turm_T,3,
25891,T71(炮塔),3,
26115,1959型(炮塔),3,
26131,Pz-V_Standardturm_T,3,
26147,司事I(炮塔),3,
26371,SU-122-44(炮塔),3,
26387,"I号""布莱达""(炮塔)",3,
26403,Turret_1_M4A3E8_Sherman_training,3,
26627,263工程(炮塔),3,
26643,I号C型(炮塔),3,
26899,加强型炮塔(炮塔),3,
26915,M60(炮塔),3,
27155,I号布莱达(炮塔),3,
27411,II号C型(炮塔),3,
27427,M53/M55(炮塔),3,
27667,II号G型(炮塔),3,
27683,M44(炮塔),3,
27923,DW试验型(炮塔),3,
27939,T7战斗车(炮塔),3,
28179,VK3001(H)初始型炮塔(炮塔),3,
28435,VK 2001(D)(炮塔),3,
28451,T37(炮塔),3,
28675,T-34_mod_100_2,3,
28691,III号M型(炮塔),3,
28707,T41 实验型 1(炮塔),3,
28931,T-70(炮塔),3,
28947,VK 7201 (K)(炮塔),3,
29187,T-70双人炮塔(炮塔),3,
29203,保时捷A型炮塔(炮塔),3,
29443,T-40(炮塔),3,
29459,印度坦克方案(炮塔),3,
29699,T-60(炮塔),3,
29715,IV号H型炮塔(炮塔),3,
29731,T95E6(炮塔),3,
29955,907工程(炮塔),3,
29971,VK 3001（D）(炮塔),3,
30211,T-80(炮塔),3,
30227,VK1602(炮塔),3,
30467,SU-14-1(炮塔),3,
30483,VK2801F型炮塔(炮塔),3,
30723,Turret_2_SU14_1,3,
30739,豹I(炮塔),3,
30979,SU-122A(炮塔),3,
30995,A组2型炮塔(炮塔),3,
31011,M41(炮塔),3,
31235,MT-25(炮塔),3,
31251,保时捷标准型(炮塔),3,
31267,M41A1(炮塔),3,
31491,T-34M 1941(炮塔),3,
31507,G.W.MK.VI(e)(炮塔),3,
31523,M4A3E8狂怒(炮塔),3,
31747,LTP(炮塔),3,
31763,G.W.虎(P)(炮塔),3,
31779,T49(炮塔),3,
32003,T-44-122(炮塔),3,
32019,Sfi IVB(炮塔),3,
32035,XM551 试验车(炮塔),3,
32259,160工程(炮塔),3,
32291,M24 增强型(炮塔),3,
32515,430工程(炮塔),3,
32531,VK3002(M)(炮塔),3,
32547,M56 蝎式(炮塔),3,
32771,T-44-85(炮塔),3,
32787,VK3002A型(炮塔),3,
32803,T28 Conce(炮塔),3,
33043,Sfl IVc Flak 37(炮塔),3,
33299,Sfl IVc Flak 41(炮塔),3,
33555,IV WT (炮塔),3,
33811,IV WT-2 (炮塔),3,
34051,430工程2号方案(炮塔),3,
34067,Rhm・B WT(炮塔),3,
34307,430工程2号方案加强版(炮塔),3,
34323,E-100 WT(炮塔),3,
34579,IV号A型(炮塔),3,
34819,T-62A  S型(炮塔),3,
34835,IV号D型(炮塔),3,
35075,T-54 LT(炮塔),3,
35091,IV号B型(炮塔),3,
35331,LTTB(炮塔),3,
35347,IV号G型(炮塔),3,
35587,KV-85(炮塔),3,
35843,KV-122 1944型(炮塔),3,
36099,T-34-85M(炮塔),3,
36115,克虏伯中坦试验车(炮塔),3,
36355,260工程1945型(炮塔),3,
36883,III号突击炮B型(炮塔),3,
37139,Karl Turm(炮塔),3,
37395,IV号C型(炮塔),3,
37651,IV号H型(炮塔),3,
38163,Ru 251 D360(炮塔),3,
38419,Turret_1_Env_Artillery,3,
38675,IV号突击炮(炮塔),3,
38931,“黑豹”8.8cm KW.K.43 L/71(炮塔),3,
39187,II号坦克D型(炮塔),3,
39443,T-55A(炮塔),3,
39699,“虎”式坦克E(炮塔),3,
3,T-34 1940型(炮塔),3,
19,IV号初始型炮塔(炮塔),3,
35,T14(炮塔),3,
51,59式B(炮塔),3,
67,Turret_1_AMX_13_75_2,3,
99,三式改(炮塔),3,
259,T-34 1942型(炮塔),3,
275,"IV号""箭""型炮塔(炮塔)",3,
291,D37812(炮塔),3,
307,62 B(炮塔),3,
323,D2(炮塔),3,
339,A39(炮塔),3,
355,九八-乙津方(炮塔),3,
515,SU-85(炮塔),3,
531,野蜂(炮塔),3,
547,D39273(炮塔),3,
563,黄金59式(炮塔),3,
579,D2 Bis(炮塔),3,
611,九七原型车(炮塔),3,
771,IS-85(炮塔),3,
787,虎式H2型炮塔(炮塔),3,
803,科宁汉姆 D1(炮塔),3,
819,WZ-111 B(炮塔),3,
835,雷诺FT La tour 1(炮塔),3,
867,雷诺NC-27(炮塔),3,
1027,IS-122(炮塔),3,
1043,虎式H1型炮塔(炮塔),3,
1059,科宁汉姆 D2(炮塔),3,
1075,T-34-1(炮塔),3,
1091,雷诺FT La tour 2(炮塔),3,
1107,维克斯 中型坦克 Mk.I(炮塔),3,
1123,雷诺-乙津方(炮塔),3,
1283,BT-5 标准型(炮塔),3,
1299,35(t)初期型炮塔(炮塔),3,
1315,T2D1(炮塔),3,
1331,T-34-1 II(炮塔),3,
1347,雷诺BS(炮塔),3,
1363,维克斯 中型坦克 Mk.IA*(炮塔),3,
1379,九五式(炮塔),3,
1539,BT-7 改进型(炮塔),3,
1555,35(t)加强型炮塔(炮塔),3,
1571,M6D1(炮塔),3,
1587,FT-17(炮塔),3,
1603,B1a(炮塔),3,
1619,Mk. II*(炮塔),3,
1635,四式轻战(炮塔),3,
1795,T-28 标准型(炮塔),3,
1811,III号G型突击炮(炮塔),3,
1827,M6D2(炮塔),3,
1843,FT-18(炮塔),3,
1859,B1b(炮塔),3,
1875,Mk.II**(炮塔),3,
1891,五式1型(炮塔),3,
2051,T-28 改进型(炮塔),3,
2083,D51066(炮塔),3,
2099,T-34-2(炮塔),3,
2115,APX R(炮塔),3,
2147,五式2型(炮塔),3,
2307,BT-2(炮塔),3,
2323,"V号""箭""型炮塔(炮塔)",3,
2339,D51072(炮塔),3,
2355,T-34-2 II(炮塔),3,
2403,四式(炮塔),3,
2563,BT-5(炮塔),3,
2579,追猎者(炮塔),3,
2595,D51074(炮塔),3,
2611,WZ120(炮塔),3,
2627,D1a(炮塔),3,
2643,Mk.IIA(炮塔),3,
2659,三式(炮塔),3,
2819,S-51(炮塔),3,
2835,IV号坦克歼击车(炮塔),3,
2851,D51080(炮塔),3,
2867,WZ-120-1(炮塔),3,
2883,D1b(炮塔),3,
2899,Mk.IIA*(炮塔),3,
2915,一式中战(炮塔),3,
3075,KV-1(炮塔),3,
3091,II号B型炮塔(炮塔),3,
3107,T20D1(炮塔),3,
3155,Mk.VIIIA1(炮塔),3,
3171,二式(炮塔),3,
3331,KV-2(炮塔),3,
3347,II号F型炮塔(炮塔),3,
3363,T20D2(炮塔),3,
3379,WZ111(炮塔),3,
3395,105leFH18B2(炮塔),3,
3411,Mk.VIIIAIV(炮塔),3,
3427,四式原型车(炮塔),3,
3587,A-20 1938型(炮塔),3,
3603,VK3601(H) 初始型炮塔(炮塔),3,
3619,M2D27810(炮塔),3,
3635,维克斯 Mk.E(炮塔),3,
3651,FCM(炮塔),3,
3843,SP-3(炮塔),3,
3859,VK3601(H) 大型炮塔(炮塔),3,
3875,M2D27812(炮塔),3,
3891,Т-26 1936型(炮塔),3,
3907,ARL 44 试验型(炮塔),3,
3939,九七式(炮塔),3,
4099,SU-152(炮塔),3,
4131,T51D1(炮塔),3,
4163,ARL 44(炮塔),3,
4195,九七改(炮塔),3,
4371,VK3001(H) 大型炮塔(炮塔),3,
4387,T23T80(炮塔),3,
4403,110(炮塔),3,
4419,AMX 40(炮塔),3,
4451,九八式(炮塔),3,
4611,T-34-85 加长型(炮塔),3,
4627,T野牛(炮塔),3,
4643,T23D51080(炮塔),3,
4675,雷诺布兰德(炮塔),3,
4707,二式轻战(炮塔),3,
4867,KV-1S(炮塔),3,
4883,瑞典 博福斯(炮塔),3,
4899,公羊-Ⅱ D1(炮塔),3,
4915,M3A3(炮塔),3,
4931,AMX 50 100(炮塔),3,
4947,Mk.VIA1(炮塔),3,
4963,STA-1(炮塔),3,
5155,T30D1(炮塔),3,
5187,洛林39 L AM(炮塔),3,
5203,Mk.VIA3(炮塔),3,
5219,STA-3(炮塔),3,
5395,LT-40炮塔(炮塔),3,
5411,T34T5(炮塔),3,
5427,132A(炮塔),3,
5443,查狄伦25 t A型炮塔(炮塔),3,
5459,A6Е1(炮塔),3,
5475,五式(炮塔),3,
5635,T-46-1(炮塔),3,
5651,38(t) G型(炮塔),3,
5667,T34T7(炮塔),3,
5683,132B(炮塔),3,
5699,AMX 50 C型炮塔(炮塔),3,
5715,A6Е3(炮塔),3,
5731,Turret_2_Ke_Ho,3,
5891,MS-1 六边形(炮塔),3,
5907,猎豹(炮塔),3,
5923,M19(炮塔),3,
5939,IS-2早期型(炮塔),3,
5955,AMX 105AM(炮塔),3,
6147,MS-1 现代型(炮塔),3,
6179,霞飞(炮塔),3,
6195,IS-2后期型(炮塔),3,
6211,AMX 105AM B(炮塔),3,
6243,STA-4(炮塔),3,
6419,VK3002(DB)炮塔(炮塔),3,
6435,T1D5(炮塔),3,
6451,WZ131 I(炮塔),3,
6467,Turret_1_Renault_G1R,3,
6483,丘吉尔 I Mk.IV(炮塔),3,
6499,六一式(炮塔),3,
6675,"VK3002(DB)""箭""型炮塔(炮塔)",3,
6691,T1D6(炮塔),3,
6707,WZ132(炮塔),3,
6723,Turret_2_Renault_G1R,3,
6739,丘吉尔 III Mk.IV(炮塔),3,
6755,STB-1(炮塔),3,
6915,SU-14-2(炮塔),3,
6931,III号坦克E型(炮塔),3,
6947,M7D1(炮塔),3,
6963,121(炮塔),3,
6979,AMX 13 F3 AM(炮塔),3,
6995,A22F(炮塔),3,
7187,III号坦克M型(炮塔),3,
7203,T123(炮塔),3,
7219,97式(炮塔),3,
7235,Aff?t 155(炮塔),3,
7251,A43(炮塔),3,
7427,T-44-100(炮塔),3,
7443,野牛II(炮塔),3,
7459,T136(炮塔),3,
7475,100式(炮塔),3,
7491,FL12(炮塔),3,
7683,T-26 标准型(炮塔),3,
7699,III号坦克A型(炮塔),3,
7715,M14(炮塔),3,
7731,T-34(炮塔),3,
7747,FL10(炮塔),3,
7763,“司事”II(炮塔),3,
7939,T-26 改进型(炮塔),3,
7955,III号坦克C型(炮塔),3,
7971,T99E2(炮塔),3,
7987,T-34M(炮塔),3,
8211,"VIB""保时捷""炮塔(炮塔)",3,
8227,T119(炮塔),3,
8243,131(炮塔),3,
8259,Turret_1_Lorraine40,3,
8467,"VIB""亨舍尔""炮塔(炮塔)",3,
8483,M37D1(炮塔),3,
8499,131-1(炮塔),3,
8515,洛林 40 t(炮塔),3,
8723,豹炮塔(炮塔),3,
8739,M2M19(炮塔),3,
8771,AMX 38(炮塔),3,
8787,А41 Mk.I(炮塔),3,
8979,蟋蟀 1型(炮塔),3,
8995,M2M7(炮塔),3,
9011,58式(炮塔),3,
9219,SU-8(炮塔),3,
9235,Agrimotorturm(炮塔),3,
9251,MTLS D1(炮塔),3,
9267,T-34-3(炮塔),3,
9283,AMX 50 B(炮塔),3,
9475,KV-220(炮塔),3,
9491,黄蜂炮塔(炮塔),3,
9507,"M3 ""斯图亚特""(炮塔)",3,
9523,113(炮塔),3,
9539,AMX 12 t(炮塔),3,
9555,А41 Mk.II(炮塔),3,
9747,"II号L""山猫""炮塔(炮塔)",3,
9779,Turret_1_Ch04_T34_1_training,3,
9795,FCM F4(炮塔),3,
9811,FV214 炮塔(炮塔),3,
9987,701 No.4(炮塔),3,
10003,II号L大型炮塔(炮塔),3,
10019,M8(炮塔),3,
10035,112(炮塔),3,
10051,ARL-3(炮塔),3,
10067,丘吉尔 IV Mk.IV(炮塔),3,
10243,IS-4M(炮塔),3,
10275,M24A1(炮塔),3,
10291,64式(炮塔),3,
10307,施耐德 44B(炮塔),3,
10323,丘吉尔 VI IMk.IV(炮塔),3,
10515,II号J炮塔(炮塔),3,
10531,M47(炮塔),3,
10563,AMX M4(炮塔),3,
10579,瓦伦丁Mk.I型炮塔(炮塔),3,
10755,T-43 1942型(炮塔),3,
10771,IV号F型炮塔(炮塔),3,
10787,T2T1(炮塔),3,
10819,洛林 155 50(炮塔),3,
10835,瓦伦丁Mk.IX型炮塔(炮塔),3,
11011,T-43 1943型(炮塔),3,
11043,T2T2(炮塔),3,
11075,洛林 155 51(炮塔),3,
11091,A27 型炮塔(炮塔),3,
11267,KV-220 1型(炮塔),3,
11283,黄鼠狼(炮塔),3,
11299,M26M67(炮塔),3,
11331,洛林155 51 Bis(炮塔),3,
11347,A9型炮塔(炮塔),3,
11539,鼠式炮塔(炮塔),3,
11555,M26M71(炮塔),3,
11587,雷诺FT AC(炮塔),3,
11603,A13型炮塔(炮塔),3,
11779,SU-85A(炮塔),3,
11795,索玛炮塔(炮塔),3,
11811,T18T47(炮塔),3,
11843,Turret_1_AMX_13FL11_2,3,
12051,B2 740(f)炮塔(炮塔),3,
12067,T82T47(炮塔),3,
12099,UE 57(炮塔),3,
12115,A34型炮塔(炮塔),3,
12291,丘吉尔MK III(炮塔),3,
12307,"VK3001P ""克虏伯""炮塔(炮塔)",3,
12323,Turret_1_T24,3,
12371,Mk.VII(炮塔),3,
12547,ISU-152(炮塔),3,
12563,"VK3001P ""保时捷""炮塔(炮塔)",3,
12579,M10T72(炮塔),3,
12611,Turret_1_2CBis,3,
12627,Mk.IX(炮塔),3,
12819,VK4502(P)初始型炮塔(炮塔),3,
12835,M10T72M1(炮塔),3,
12883,逊邱伦Mk.I炮塔(炮塔),3,
13075,VK4502(P)重甲型炮塔(炮塔),3,
13091,M4A2E4D51066(炮塔),3,
13139,逊邱伦Mk.II炮塔(炮塔),3,
13331,38H735(f)炮塔(炮塔),3,
13347,M36T74(炮塔),3,
13395,FV215 炮塔(炮塔),3,
13587,turm,3,
13603,M36T78(炮塔),3,
13635,索玛 Sau 40(炮塔),3,
13651,征服者 I(炮塔),3,
13843,斐迪南炮塔(炮塔),3,
13859,M40M43(炮塔),3,
13891,S35 CA(炮塔),3,
13907,征服者 Mk.IV CS(炮塔),3,
14083,A-32 1932型(炮塔),3,
14115,T40(炮塔),3,
14163,A10E1(炮塔),3,
14339,T-54 1946型(炮塔),3,
14371,M12M4(炮塔),3,
14419,A10(炮塔),3,
14595,T-54 1949型(炮塔),3,
14627,T28(炮塔),3,
14659,AMX AC Mle. 1946(炮塔),3,
14675,FV4202(炮塔),3,
14851,704工程(炮塔),3,
14883,T92(炮塔),3,
14915,AMX 50 福熙(炮塔),3,
14931,Mk.IV(炮塔),3,
15107,212工程(炮塔),3,
15123,猎虎(炮塔),3,
15139,T95(炮塔),3,
15187,Mk.IVA(炮塔),3,
15363,261工程(炮塔),3,
15379,PzIVturm_Ausf_Alfa,3,
15395,M6A2E1D4(炮塔),3,
15427,ARL V39(炮塔),3,
15443,TOG II*(炮塔),3,
15619,KV-13(炮塔),3,
15635,38nA型炮塔(炮塔),3,
15651,M22D1(炮塔),3,
15683,查狄伦 155(炮塔),3,
15699,A13 Mk.I(炮塔),3,
15875,KV-13M(炮塔),3,
15891,38nA G型炮塔(炮塔),3,
15907,M46M73(炮塔),3,
15360851,百夫长 Mk.IV(炮塔),3,
15361043,“虎”式E型(炮塔),3,
15361059,M4A2E2D51080(炮塔),3,
15361283,MT-2(炮塔),3,
15361299,III号G型(炮塔),3,
15361315,T67(炮塔),3,
15939,AMX AC Mle.1948(炮塔),3,
15955,A13 Mk.I*(炮塔),3,
16131,KV-5(炮塔),3,
16147,猎豹IIA型炮塔(炮塔),3,
16163,M46T119(炮塔),3,
16211,AT 15A(炮塔),3,
16387,T-127(炮塔),3,
16403,"黑豹II""箭""型炮塔(炮塔)",3,
16419,T25M1(炮塔),3,
16467,瓦伦丁AT(炮塔),3,
16643,252工程(炮塔),3,
16659,"GW""虎""炮塔(炮塔)",3,
16675,M89(炮塔),3,
16723,UC 2磅炮(炮塔),3,
16899,252工程M(炮塔),3,
16915,"GW ""黑豹""炮塔(炮塔)",3,
16931,T140(炮塔),3,
16979,AT 15(炮塔),3,
17155,T-50(炮塔),3,
17171,狮式炮塔(炮塔),3,
17187,T24(炮塔),3,
17235,AT 2(炮塔),3,
17427,G.W.E炮塔(炮塔),3,
17491,复仇女神(炮塔),3,
17667,T-50-2(炮塔),3,
17683,T-25炮塔(炮塔),3,
17699,M4A2E2T110(炮塔),3,
17747,FV215b(炮塔),3,
17923,T-50-2M(炮塔),3,
17939,T-15炮塔(炮塔),3,
18003,AT 8(炮塔),3,
18179,Turret_1_SU-101,3,
18195,E-100A型炮塔(炮塔),3,
18211,M8A1(炮塔),3,
18259,丘吉尔GC(炮塔),3,
18435,Turret_1_SU_85I,3,
18451,E-100B型炮塔(炮塔),3,
18467,T87(炮塔),3,
18499,AMX 50 福熙 155(炮塔),3,
18515,AT 7(炮塔),3,
18691,SU-100M1(炮塔),3,
18707,E-75型炮塔(炮塔),3,
18755,AMX ELC bis(炮塔),3,
18771,A33(炮塔),3,
18947,MT-1(炮塔),3,
18963,E-75F型炮塔(炮塔),3,
19011,FCM 50 t(炮塔),3,
19027,劳埃德 GC(炮塔),3,
19219,VK2801A型炮塔(炮塔),3,
19235,T53(炮塔),3,
19267,查狄伦155 55(炮塔),3,
19459,KV-220-1A,3,
19491,T25/2T3(炮塔),3,
15360275,“猎虎”88 Pak 43(炮塔),3,
15360323,AMX AC 48(炮塔),3,
15360339,百夫长 Mk.III(炮塔),3,
15360531,黑豹II型炮塔(炮塔),3,
15360579,FL 10 D型(炮塔),3,
15360595,百夫长 Mk.II(炮塔),3,
15360787,“虎王”炮塔(炮塔),3,
51716,观察者(火炮),4,
19716,100 mm LB-1(火炮),4,
19748,47毫米L/40炮(火炮),4,
19972,100 mm D-54(火炮),4,
19988,9 cm KwK 51 L/71(火炮),4,
20004,76 mm Gun T185(火炮),4,
20228,_100mm_D10TG,4,
20244,毛瑟L7A3型105毫米炮(火炮),4,
20260,90 mm Gun T178(火炮),4,
20484,152 mm ML-20SM 1944型(火炮),4,
20516,120 mm T179(火炮),4,
20740,180 mm B-1-P(火炮),4,
20756,10.5 cm L7A1(火炮),4,
20772,105 mm T140E2(火炮),4,
20996,107 mm ZiS-6M(火炮),4,
21012,_150mm_KwK44_L38_A,4,
21028,25磅野炮(火炮),4,
21252,100 mm D10S mod.1944(火炮),4,
21268,7.5 cm Kw.K.37 L/24(火炮),4,
21284,Gun_1_M4A3E8_Sherman_training,4,
21508,100 mm D54S(火炮),4,
21524,4.7 cm Pak.36 (t) L/43(火炮),4,
21764,_85mm_D-5S-85A_1,4,
21780,7.5 cm Flak L/60(火炮),4,
21796,_105mm_Gun_M68_1,4,
22036,8.8 cm Flak 37 L/56(火炮),4,
22276,76 mm S-1(火炮),4,
22292,8.8 cm Flak 41 L/74(火炮),4,
22308,M46 155毫米炮(火炮),4,
22532,122 mm D-30(火炮),4,
22548,_105mm_K18_L52_R,4,
22564,M47 8英寸榴弹炮(火炮),4,
22788,QFSA(火炮),4,
22804,12.8 cm K44 L/55(火炮),4,
22820,M45 155毫米榴弹炮(火炮),4,
23044,413(火炮),4,
23060,12.8 cm K44/2 L/61(火炮),4,
23076,37 mm Gun T16(火炮),4,
23316,15 cm Pak L/38(火炮),4,
23332,75 毫米炮 M17(火炮),4,
23556,S-31(火炮),4,
23572,15 cm Pak L/29.5(火炮),4,
23588,_12.7mm_MG_HB_M2_A,4,
23812,122 mm M62-T2(火炮),4,
24068,122 mm D-49(火炮),4,
24100,120 mm T123E6(火炮),4,
24340,90 mm 莱茵金属公司DM1(火炮),4,
24596,8.8 cm Kw.K.43 L/71(火炮),4,
24612,76mm M1A2(火炮),4,
24852,7.5 cm Stu.K.40 L/48(火炮),4,
24868,76 mm Gun T91(火炮),4,
25108,2 cm Kw.K.30(火炮),4,
25124,76 mm Gun T102(火炮),4,
25364,100mm D-10T2S L/56(火炮),4,
25380,76 mm Gun M32(火炮),4,
25604,107 mm ZiS-24(火炮),4,
25620,8.8 cm Kw.K. 36 L/56(火炮),4,
25636,76 mm Gun M32 late(火炮),4,
25860,130 mm B-13-S2(火炮),4,
25892,76 mm Gun T91E5(火炮),4,
26116,100 mm M-63(火炮),4,
26148,152 mm XM81火箭炮 (传统型)(火炮),4,
26372,152 mm M64(火炮),4,
26404,90 mm Gun T132E3(火炮),4,
26660,75 mm Gun M17 Sport(火炮),4,
26884,100 mm U-8TS(火炮),4,
26916,90mm M54(火炮),4,
27140,_115mm_U5_TS,4,
27172,105 mm T5(火炮),4,
27396,100 mm D-10T2C(火炮),4,
27652,130 mm S-70A(火炮),4,
27908,_122-mm_D-25S_with_wedges_shutter_A,4,
28164,122 mm M62-C2(火炮),4,
28420,100 mm LB-1C(火炮),4,
29444,_85mm_ZiS_S-53T,4,
29956,12.7 mm DShK(火炮),4,
30212,23 mm PT-23TB(火炮),4,
30468,100 mm D-54TS(火炮),4,
30724,45 mm VT-43(火炮),4,
30980,M-30 122mm 榴弹炮(火炮),4,
31236,D-1 152 mm 榴弹炮(火炮),4,
31492,76 mm 1903/40型(火炮),4,
31748,_122mm_D-25-44_1,4,
32004,85 mm ZIS-S-53-44(火炮),4,
32260,100mm S-34(火炮),4,
32772,85 mm D-10-85(火炮),4,
33028,122 mm 榴弹炮 S-41(火炮),4,
33284,85 mm S-53(火炮),4,
33540,122mm BL-13-1(火炮),4,
51204,Gun_01_KV,4,
51460,Gun_T-50-2,4,
51972,100mm U-8TS S型(火炮),4,
63508,Gun_Env_Artillery,4,
64276,_20mm_Flak_38_L112B,4,
64532,_88mm_KwK_43_L71_T,4,
64788,_75mm_KwK_L70_ATraining,4,
65044,_600mm_Karl,4,
65300,Gun_PzIV,4,
65316,_12.7mm_T23,4,
4,76 mm L-11(火炮),4,
20,7.5 cm KwK 37 L/24(火炮),4,
36,75 mm火炮 M3L/37(火炮),4,
52,59式100mm坦克炮(火炮),4,
68,75 mm SA49(火炮),4,
100,五式75毫米坦克炮(火炮),4,
260,76 mm F-32(火炮),4,
276,5 cm KwK39 L/60(火炮),4,
292,20mm Hispano-Suiza Birgikt(火炮),4,
308,62 85TS(火炮),4,
324,75 mm SA50(火炮),4,
340,32磅反坦克炮(火炮),4,
356,13毫米机枪 Ho(火炮),4,
516,76 mm F-34(火炮),4,
532,7.5 cm KwK 40 L/43(火炮),4,
548,37 mm M-5(火炮),4,
564,D25-TA(火炮),4,
580,47 mm SA34(火炮),4,
612,_20mm_Rifle_Type97,4,
772,45 mm VT-42(火炮),4,
788,7.5 cm KwK 40 L/48(火炮),4,
804,37 毫米 M6(火炮),4,
804,37 mm M-6(火炮),4,
820,85 毫米 S-53(火炮),4,
836,47 mm SA35(火炮),4,
852,QF 6磅炮 Mk.V A(火炮),4,
868,37毫米自动炮(火炮),4,
1028,57 mm ZiS-8(火炮),4,
1044,7.5 cm KwK L/70(火炮),4,
1044,7.5 cm KwK L70(火炮),4,
1060,37 mm M1916(火炮),4,
1076,85 毫米 56-85JT(火炮),4,
1092,25 mm  Mle.1934 速射炮(火炮),4,
1108,OQF 3磅炮 Mk.I型(火炮),4,
1124,97式57毫米炮(火炮),4,
1284,57 mm ZiS-4(火炮),4,
1300,10.5 cm KwK 42 L/28(火炮),4,
1316,37 mm M1924(火炮),4,
1332,100 mm 44-100JT(火炮),4,
1348,47 mm SA37(火炮),4,
1364,BESA 机枪(火炮),4,
1380,100式改 37毫米炮(火炮),4,
1540,76 mm S-54(火炮),4,
1556,15 cm s.F.H.13 L/17(火炮),4,
1572,37 mm 勃朗宁(火炮),4,
1588,37 mm APX SA18(火炮),4,
1620,QF6磅炮Mk.II轻量型(火炮),4,
1636,98式 37毫米炮(火炮),4,
1796,85 mm D-5S(火炮),4,
1812,15 cm s.F.H.18 L/29.5(火炮),4,
1828,75 mm M7L/50(火炮),4,
1844,37 毫米 KwK 36 L/46.5(火炮),4,
1844,3.7 cm KwK36 L/46.5(火炮),4,
1860,13.2 mm 哈其开斯 mle.1930(火炮),4,
2052,122 mm M-30C(火炮),4,
2068,8.8 cm KwK 36 L/56(火炮),4,
2084,76mm M1A1(火炮),4,
2116,76 mm 施耐德(火炮),4,
2308,85 mm D5S-85BM(火炮),4,
2324,8.8 cm KwK 43 L/71(火炮),4,
2340,76 mm M1A2(火炮),4,
2356,122 毫米 37-122JT(火炮),4,
2372,37 mm SA38(火炮),4,
2404,11式37毫米步兵炮(火炮),4,
2564,107 mm ZiS-6(火炮),4,
2580,2 cm KwK 30 (火炮),4,
2596,90mm M3(火炮),4,
2612,100 mm 59-100T(火炮),4,
2644,OQF 3磅炮 Mk.II型(火炮),4,
2660,一式47 毫米炮(火炮),4,
2820,85 mm D-5T(火炮),4,
2836,3.7 cm KwK34(t) L/40(火炮),4,
2852,105 mm M4(火炮),4,
2868,100 mm 60-100T(火炮),4,
2884,105 mm leFH18 L28(火炮),4,
2884,10.5 cm le.F.H.18 L/28(火炮),4,
2900,QF 6磅炮Mk.I轻量型(火炮),4,
2916,100式37毫米炮(火炮),4,
3076,85 mm D5T-85BM(火炮),4,
3092,3.7 cm KwK38(t) L/47(火炮),4,
3108,.50 口径 MG HB M2(火炮),4,
3124,122 毫米 D25-T(火炮),4,
3140,75 mm PaK 40/2(火炮),4,
3140,7.5 cm PaK 40/2(火炮),4,
3156,QF 2磅炮(火炮),4,
3172,1式37毫米炮(火炮),4,
3332,100 mm D10T(火炮),4,
3348,2 cm FlaK 30 L/115(火炮),4,
3364,76mm M1918(火炮),4,
3380,100 mm 62-100T(火炮),4,
3412,OQF3英寸Mk.I榴弹炮(火炮),4,
3428,99式75毫米坦克炮(火炮),4,
3588,122mm D-25T（螺闩）(火炮),4,
3604,2 cm Flak 38 L/112(火炮),4,
3620,QF 6磅炮Mk.III型(火炮),4,
3620,QF 6磅炮 Mk III(火炮),4,
3636,122毫米 60-122T(火炮),4,
3652,90 mm DCA 30(火炮),4,
3684,57毫米试制型坦克炮(火炮),4,
3844,122mm D-25T（楔闩）(火炮),4,
3860,4.7 cm PaK38(t) L/43(火炮),4,
3876,155mm T7(火炮),4,
3892,130毫米 59-130T(火炮),4,
3908,105 mm 13TR加农炮(火炮),4,
3924,6磅炮Mk.V (L/50)型(火炮),4,
3940,三式75毫米炮(火炮),4,
4100,37 mm B-3(火炮),4,
4116,7.5 cm StuK 37 L/24(火炮),4,
4132,90mm T15E2(火炮),4,
4148,47 毫米 维克斯 QF(火炮),4,
4164,90 mm F3(火炮),4,
4356,23 mm VJa(火炮),4,
4372,7.5 cm StuK40 L/43(火炮),4,
4388,105 mm T5E1(火炮),4,
4404,40 毫米缗(火炮),4,
4420,75 mm SA32(火炮),4,
4436,3.7英寸 榴弹炮(火炮),4,
4452,5式1型75毫米炮(火炮),4,
4612,37 mm ZiS-19(火炮),4,
4628,7.5 cm PaK 39 L/48(火炮),4,
4644,120 mm T53(火炮),4,
4660,45 mm 20K(火炮),4,
4676,90 mm DCA 45(火炮),4,
4692,75 毫米 Mk.V型火炮(火炮),4,
4708,5式75毫米炮（自动装弹）(火炮),4,
4884,7.5 cm StuK42 L/70(火炮),4,
4900,105mm M3(火炮),4,
4932,100 mm SA47(火炮),4,
4964,M3A1式90毫米炮(火炮),4,
5124,37 mm SH-37(火炮),4,
5140,8.8 cm PaK 36 L/56(火炮),4,
5156,105mm M2A1(火炮),4,
5188,1935B 105 mm短管加农炮(火炮),4,
5220,90毫米来复炮(火炮),4,
5380,76 mm KT-28(火炮),4,
5396,2 cm KwK 38 L/55(火炮),4,
5412,155mm M1(火炮),4,
5444,1934S 105 mm短管加农炮(火炮),4,
5476,61式90毫米炮(火炮),4,
5636,76 mm L-10(火炮),4,
5668,155 mm火炮M1918M1(火炮),4,
5684,76毫米 54-76TG（自动装弹机）(火炮),4,
5700,120 mm SA46(火炮),4,
5732,105毫米线膛炮(火炮),4,
5892,37 mm 哈其开斯(火炮),4,
5908,7.5 cm KwK41 L/58 SB(火炮),4,
5924,105mm M4(火炮),4,
5940,85毫米 62-85T(火炮),4,
5956,Canon_de_105_mle_1930_Schneider_AM,4,
6148,20 mm TNSh(火炮),4,
6164,15 cm s.I.G.33 L/11(火炮),4,
6180,75毫米 榴弹炮 M3(火炮),4,
6180,75 mm M3(火炮),4,
6196,85毫米 64-85T(火炮),4,
6404,152 mm BR-2(火炮),4,
6420,2 cm Breda(火炮),4,
6436,44倍口径(火炮),4,
6452,85毫米 64-85TG(火炮),4,
6468,75 mm SA44(火炮),4,
6484,OQF 17磅炮 Mk.VII型(火炮),4,
6660,203 mm B-4(火炮),4,
6676,3.7 cm PaK38(t) L/47(火炮),4,
6708,122毫米 60-122TG(火炮),4,
6724,1917 C 155 mm榴弹炮(火炮),4,
6740,OQF Mk.II 25磅炮(火炮),4,
6916,76 mm ZiS-5(火炮),4,
6932,5 cm PaK38 L/60(火炮),4,
6948,20mm Hispano Suiza Birgikt M1(火炮),4,
6980,33型 155 mm加农炮(火炮),4,
7172,122 mm U-11(火炮),4,
7188,10.5 cm PaK 45 L/52(火炮),4,
7204,75 mm M2(火炮),4,
7236,47 mm SA-L mle.1937(火炮),4,
7252,OQF 20磅炮A型(火炮),4,
7428,152 mm M-10(火炮),4,
7444,8.8 cm PaK 43 L/71(火炮),4,
7460,QF 6磅炮 Mk IIIA(火炮),4,
7476,57毫米 55-57FG(火炮),4,
7492,57 毫米 6 磅 反坦克炮 Mk IV(火炮),4,
7508,120毫米 L1A1 火炮(火炮),4,
7700,10.5 cm StuH 42 L/28(火炮),4,
7716,_75mm_Gun_M3_L37A,4,
7732,76毫米 54-76T(火炮),4,
7764,OQF 77毫米 Mk.II型火炮(火炮),4,
7940,122 mm A-19 1937型(火炮),4,
7956,5 cm KwK 38 L/42(火炮),4,
7972,90mm T15E2M2(火炮),4,
7988,85毫米 56-85T(火炮),4,
8004,1950型155 mm榴弹炮(火炮),4,
8196,152 mm ML-20 1931/37型(火炮),4,
8212,8.8 cm KwK 44 L/100(火炮),4,
8228,37 mm M3(火炮),4,
8260,L GPF 155mm加农炮(火炮),4,
8276,OQF20磅炮B型(火炮),4,
8452,152 mm ML-20S(火炮),4,
8468,10.5 cm le.F.H.16 L/22(火炮),4,
8484,75 mm M1A1(火炮),4,
8500,_100mm_44-100JTtraining,4,
8516,25 mm SA-L mle.1934 反坦克炮(火炮),4,
8532,105毫米L7A1(火炮),4,
8708,122 mm D-25 1944型(火炮),4,
8740,105 mm AT M3(火炮),4,
8756,76 mm Gun M1A2(火炮),4,
8772,25 mm  SA-L mle.1937 反坦克炮(火炮),4,
8996,57mm M1 L/50(火炮),4,
9044,QF 40 毫米 Mk.VI型(火炮),4,
9220,45 mm 1932型(火炮),4,
9236,7.6 cm PaK 36(r)(火炮),4,
9300,OQF_17pdr_Gun_Mk_VII_A,4,
9476,100 mm D10S(火炮),4,
9492,12.8 cm KwK 44 L/55(火炮),4,
9508,75 mm M7 L/50(火炮),4,
9556,OQF 17磅炮反坦克炮(火炮),4,
9732,122mm D-25S（螺闩）(火炮),4,
9748,4.7 cm SA 35 L/34(火炮),4,
9812,75 毫米 维克斯 HV(火炮),4,
10004,3.7 cm SA 38 L/34(火炮),4,
10068,QF 2磅炮 Mk.X-B(火炮),4,
10244,76 mm 1927型(火炮),4,
10260,12.8 cm PaK 44 L/55(火炮),4,
10276,105 mm T5E1M2(火炮),4,
10308,75 mm APX(火炮),4,
10324,QF2磅炮r Mk.X型(火炮),4,
10500,122 mm D-25-44(火炮),4,
10516,10.5 cm KwK 45 L/52(火炮),4,
10564,75 mm AC SA44(火炮),4,
10580,20磅反坦克炮B型(火炮),4,
10756,76 mm 1903/30型(火炮),4,
10772,10.5 cm KwK 46 L/68(火炮),4,
10788,155 mm火炮M1A1(火炮),4,
10820,17 pdr  MK.II(火炮),4,
10836,120毫米 L1A1(火炮),4,
11012,122 mm 1930型(火炮),4,
11028,_75mm_KwK_40_L48A,4,
11044,203mm M1(火炮),4,
11076,90 mm DCA 30 AC加农炮(火炮),4,
11092,2磅Mk.IX反坦克炮(火炮),4,
11268,152 mm NM 1931型(火炮),4,
11284,2 cm KwK 38 L/55A(火炮),4,
11300,90 mm反坦克炮 T15E2(火炮),4,
11332,90 mm DCA 45 AC加农炮(火炮),4,
11348,6磅8担Mk.I反坦克炮(火炮),4,
11540,12.8 cm PaK 44/2 L/61(火炮),4,
11556,105 mm反坦克炮 T5E1(火炮),4,
11588,100 mm AC SA47(火炮),4,
11604,6磅Mk.II反坦克炮(火炮),4,
11780,122 mm BL-9(火炮),4,
11796,7.5 cm KwK 45 L/100(火炮),4,
11812,120 mm反坦克炮T53(火炮),4,
11860,6磅8担Mk.II反坦克炮(火炮),4,
12036,45 mm 20KS(火炮),4,
12052,10.5 cm KwK 45 L/52  B型(火炮),4,
12068, 240mm  M1(火炮),4,
12100,120 mm AC SA46(火炮),4,
12116,77毫米Mk.II反坦克炮(火炮),4,
12308,17 cm Kanone 72(火炮),4,
12324,155 mm反坦克炮 T7(火炮),4,
12356,1930 施耐德 AC 105 mm加农炮(火炮),4,
12372,20磅反坦克炮A型(火炮),4,
12548,76 mm L-10S(火炮),4,
12564,21 cm M?rser 18/1(火炮),4,
12580,105 mm AT M4(火炮),4,
12612,155 mm加农炮(火炮),4,
12628,_17pdr_OQF_AT_1,4,
12804,37 mm ZiS-19S(火炮),4,
12820,15 cm s.F.H.43(火炮),4,
12836,105 mm T5E1E(火炮),4,
12884,6磅Mk.III反坦克炮(火炮),4,
13076,10.5 cm KwK 46 L/70(火炮),4,
13092,37 mm M-6 L53(火炮),4,
13140,6磅Mk.V反坦克炮(火炮),4,
13316,57 mm ZiS-8S(火炮),4,
13332,21 cm M?rser 18/2(火炮),4,
13348,QF 2-pdr 反坦克炮 Mk.X(火炮),4,
13380,1934S AC 105 mm 短管加农炮(火炮),4,
13396,3.7英寸反坦克炮(火炮),4,
13572,76 mm S-54S(火炮),4,
13588,7.5 cm A18 KwK(火炮),4,
13604,_76mm_AT_Gun_M1918M1,4,
13636,105 mm CN 105/57(火炮),4,
13652,MK.III 25磅反坦克炮(火炮),4,
13828,107 mm ZiS-6S(火炮),4,
13844,3.7 cm KwK38(t) L/47A(火炮),4,
13860,120 mm火炮 T122(火炮),4,
13908,183 mm L4(火炮),4,
14084,122 mm A-19型(火炮),4,
14100,15 cm KwK44 L/38(火炮),4,
14116,120 mm火炮M58(火炮),4,
14148,25 mm mle.1936自动炮(火炮),4,
14164,6磅Mk.IV反坦克炮(火炮),4,
14340,152 mm ML-20 31型(火炮),4,
14356,10.5 cm KwK L/100(火炮),4,
14372,90 mm火炮 M36(火炮),4,
14420,3英寸20担Mk.III反坦克炮(火炮),4,
14596,85 mm F-30(火炮),4,
14612,8.8 cm KwK  L/100(火炮),4,
14628,75 mm 火炮 M6(火炮),4,
14676,3.7 英寸反坦克炮(火炮),4,
14852,130 mm S-70(火炮),4,
14868,8.8 cm KwK 43 L/71 A型(火炮),4,
14884,76 mm火炮T94(火炮),4,
14916,155 mm AC SA58(火炮),4,
14932,75毫米Mk.V反坦克炮(火炮),4,
15108,57 mm ZiS-2(火炮),4,
15124,12.8 cm Kanone 40(火炮),4,
15140,75 mm AT 榴弹炮 M3(火炮),4,
15172,90 mm D.915(火炮),4,
15188,_75mm_Gun_Mk_V_A,4,
15364,76 mm F-32S(火炮),4,
15380,7.5 cm Pak 40/3 L/46(火炮),4,
15396,75 mm AT 炮 M3 L37(火炮),4,
15428,_90mm_canon_DCA_45A,4,
15444,QF.13磅 Mk.III(火炮),4,
15620,76 mm ZiS-3(火炮),4,
15652,120 mm火炮 T53A1(火炮),4,
15684,105毫米DEFA.4767(火炮),4,
15876,85 mm D-5S-85A(火炮),4,
15360852,75 mm 维克斯 HV(火炮),4,
15361028,100 mm S-34(火炮),4,
15361044,7.5 cm Pak 42 L/70(火炮),4,
15361108,QF 4.5英寸(火炮),4,
15361316,76 mm AT Gun M1A1(火炮),4,
15956,QF 18磅(火炮),4,
16148,7.5 cm StuK42 L70A(火炮),4,
16388,122 mm D-25T(火炮),4,
16468,BL 5.5英寸(火炮),4,
16644,76 mm ZiS-96(火炮),4,
16724,QF 6英寸Mk.V(火炮),4,
16916,_88mm_KwK_36_L56WT,4,
16980,BL 7.2英寸 Mk.6(火炮),4,
17172,_280mm_KwK,4,
17236,BL 9.2英寸 Mk.II(火炮),4,
17412,85 mm LB-2S(火炮),4,
17492,_15mm_Machine_gun_BESA_,4,
17684,10.5 cm K 18 L/52(火炮),4,
17700,90 mm T15E1(火炮),4,
17924,152 mm BL-10(火炮),4,
17940,7.5 cm KwK L/70 A(火炮),4,
18180,122 mm BL-9S(火炮),4,
18196,17 cm PaK46(火炮),4,
18212,37 mm M1924A1(火炮),4,
18436,45 mm 20KL(火炮),4,
18452,10.5 cm KwK 45 L/52 K型(火炮),4,
18468,90 mm M41(火炮),4,
18708,7.5 cm KwK 44/1 L/70(火炮),4,
18724,105 mm M68(火炮),4,
18948,_76mm_ZiS-5A,4,
18964,_37mm_KwK_L46_T,4,
18980,90mm M41E1(火炮),4,
19204,76 mm L-10U(火炮),4,
19220,7.92mm 毛瑟E.W.141(火炮),4,
19460,100 mm D-10T 1945型(火炮),4,
19476,3 cm M.K.103(火炮),4,
19492,155 mm 反坦克炮T7E2(火炮),4,
15360276,8.8 cm Pak 43 L/71(火炮),4,
15360356,90 mm  61型(火炮),4,
15360548,90 mm T178(火炮),4,
15360596,OQF 20磅炮B型(火炮),4,
15360788,10.5 cm Kw.K.L/68(火炮),4,
15360804,120 mm Gun T53A1(火炮),4,
3589,MS-1(引擎),5,
51973,观察者(引擎),5,
4869,T-26(引擎),5,
19717,M-17L,5,
19733,迈巴赫 HL 230 TRM P30(引擎),5,
19749,福特 GAA R(引擎),5,
19989,迈巴赫 HL 234 TRM P30(引擎),5,
20005,大陆公司W-670 12(引擎),5,
20245,迈巴赫 HL 210 TRM P45(引擎),5,
20261,福特 GAC(引擎),5,
20485,V-54K(引擎),5,
20501,迈巴赫 HL 230 TRM P45(引擎),5,
20517,大陆增强型(引擎),5,
20741,V-55(引擎),5,
20757,迈巴赫 HL 234 TRM P45(引擎),5,
20773,大陆 AOI-402-5(引擎),5,
21013,迈巴赫 HL 108 TR R(引擎),5,
21253,V-2-UM(引擎),5,
21269,迈巴赫 HL 120 TRM 112 R(引擎),5,
21509,V-44A,5,
21525,迈巴赫 HL 120 TRM R(引擎),5,
21781,EPA AC(引擎),5,
22037,布辛 NAG L8V/GS 36(引擎),5,
22293,布辛 NAG L8V/GS 39(引擎),5,
22549,BMW-Va(引擎),5,
22805,Maybach_HL_230_TRM_P30_A,5,
23061,罗・罗I-6(引擎),5,
23317,ESTL(引擎),5,
23557,GAZ 202(引擎),5,
23573,2 x迈巴赫 HL 120 TRM(引擎),5,
23813,ZiS-16(引擎),5,
23829,2 x保时捷 Typ 101/1(引擎),5,
24069,V-12-5U(引擎),5,
24085,迈巴赫 HL 120 TR R(引擎),5,
24325,V-2-10(引擎),5,
24341,Maybach_HL_234_TRM_P45,5,
24581,V-16(引擎),5,
24597,阿格斯12LD330H(引擎),5,
24837,M-17F(引擎),5,
24853,迈巴赫 HL 150(引擎),5,
25093,V-2K加强型(引擎),5,
25109,迈巴赫 HL 190(引擎),5,
25349,M-80_prem,5,
25365,普拉达NS(引擎),5,
25605,V-2IS_R1,5,
25621,普拉达IV型(引擎),5,
25861,TD-12(引擎),5,
25877,迈巴赫HL100(引擎),5,
26117,4TD(引擎),5,
26133,迈巴赫HL116 S(引擎),5,
26373,V-16M(引擎),5,
26389,泰脱拉TD 103 P(引擎),5,
26629,V-54(引擎),5,
26885,KZ V8(引擎),5,
27157,MB 837 Aa(引擎),5,
27397,2x V-16(引擎),5,
27413,MB 837 Ea 600(引擎),5,
27669,迈巴赫 HL 230 P30 2500(引擎),5,
27925,迈巴赫 HL 62 TR(引擎),5,
28181,W-55(引擎),5,
51205,Engine_01_KV,5,
51461,V-54K_T,5,
51717,Engine_T-50-2,5,
52229,V-55 S型(引擎),5,
64021,Testengines,5,
64533,MB 503A(引擎),5,
64789,Engine_PzIV,5,
65077,_Type_102S_T,5,
256037,Ford_GAN_T23,5,
5,V-2(引擎),5,
21,迈巴赫 HL 108 TR(引擎),5,
53,12150L(引擎),5,
69,SOFAM Gxb(引擎),5,
101,100式 V-12 A(引擎),5,
261,V-2-34(引擎),5,
277,迈巴赫 HL 120TR(引擎),5,
293,大陆公司 W-670(引擎),5,
309,12150L-3(引擎),5,
325,SOFAM 8 Gxb(引擎),5,
341,罗・罗流星Mk.V(引擎),5,
357,雷诺L4(引擎),5,
533,迈巴赫 HL 120TRM(引擎),5,
549,吉伯森 T-1020-4(引擎),5,
565,12150LZ(引擎),5,
581,6F11SRY(引擎),5,
613,三菱A475VD(引擎),5,
773,V-2IS(引擎),5,
789,迈巴赫 HL 157 P(引擎),5,
805,双凯迪拉克 42串联(引擎),5,
805,双 凯迪拉克 42 串联(引擎),5,
821,V-34M(引擎),5,
837,雷诺 S6(引擎),5,
869,百式V-6A(引擎),5,
1029,V-5(引擎),5,
1045,迈巴赫 HL 174(引擎),5,
1061,科宁汉姆V型(引擎),5,
1093,雷诺 S6Bis(引擎),5,
1109,希德利V8(引擎),5,
1125,三菱 A6120VDe(引擎),5,
1285,V-2SN(引擎),5,
1301,迈巴赫 HL 210 P30(引擎),5,
1333,12150L3(引擎),5,
1349,雷诺(引擎),5,
1365,希德利V8 SC(引擎),5,
1381,三菱 A6120VDe S(引擎),5,
1541,M-17T(引擎),5,
1557,迈巴赫 HL 230 P 45F(引擎),5,
1557,迈巴赫 HL 230 P45(引擎),5,
1589,102S型(引擎),5,
1605,雷诺 M26/27(引擎),5,
1637,三菱97式(引擎),5,
1637,三菱SA12200VD(引擎),5,
1797,V-3(引擎),5,
1813,斯柯达 T-11(引擎),5,
1829,科宁汉姆 V8(引擎),5,
1845,102S1型(引擎),5,
1861,阿兹黑德(引擎),5,
1893,100式 V-12 W(引擎),5,
1893,百式3-V-12(引擎),5,
2069,斯柯达 T-15(引擎),5,
2101,12150LS(引擎),5,
2117,雷诺 Naeder-FIEUX(引擎),5,
2133,亚马逊(引擎),5,
2149,百式2-V-12(引擎),5,
2309,M-5-400F(引擎),5,
2325,普达拉 TN 100(引擎),5,
2341,大陆公司 R-670-5(引擎),5,
2357,12150LT(引擎),5,
2373,雷诺 BDR(引擎),5,
2389,2x AEC(引擎),5,
2389,AEC(引擎),5,
2405,百式2-V-6(引擎),5,
2565,V-2K(引擎),5,
2581,普达拉 TNPS(引擎),5,
2597,莱特 G200 M 795C9GC1(引擎),5,
2629,哈其开斯H35(引擎),5,
2645,2x 利兰德 E164(引擎),5,
2661,百式1-V-6(引擎),5,
2821,V-4(引擎),5,
2837,斯堪尼亚 瓦比斯1664(引擎),5,
2853,莱特 G2X M781C9GC1(引擎),5,
2869,雷诺 62CV(引擎),5,
2917,百式1-V-12(引擎),5,
3077,V-2-34M(引擎),5,
3093,迈巴赫 HL 57 TR(引擎),5,
3109,莱特 大陆公司R-975EC2(引擎),5,
3125,雷诺 NC-2(引擎),5,
3141,雷诺 S4(引擎),5,
3157,罗・罗发动机(引擎),5,
3173,三菱AL4-2V-12(引擎),5,
3333,MT-5-1(引擎),5,
3365,大陆公司 R-975C1(引擎),5,
3365,莱特 大陆公司 R-975C1(引擎),5,
3381,阿姆斯特朗 V4(引擎),5,
3397,雷诺 S4F(引擎),5,
3413,罗・罗 Mk.IVB发动机(引擎),5,
3429,川崎98V-12(引擎),5,
3605,迈巴赫 HL 62 TRM(引擎),5,
3621,大陆公司 R-975C4(引擎),5,
3621,莱特 大陆公司 R-975C4(引擎),5,
3685,三菱AL4-1V-12(引擎),5,
3845,GAZ-M1(引擎),5,
3861,克虏伯M301(引擎),5,
3877,福特GAA(引擎),5,
3877,福特 GAA(引擎),5,
3909,雷诺 A(引擎),5,
3941,三菱 DL10T(引擎),5,
4101,AMO-3(引擎),5,
4117,克虏伯M305(引擎),5,
4133,福特 GAN(引擎),5,
4149,大陆公司 R-975-C1(引擎),5,
4165,贝里埃MDP(引擎),5,
4197,三菱 12HM20WT(引擎),5,
4357,V-2-44(引擎),5,
4373,克虏伯M311(引擎),5,
4389,吉伯森 T-10204(引擎),5,
4421,迈巴赫 HL 230(引擎),5,
4453,三菱 12HM21WT(引擎),5,
4613,V-2-54(引擎),5,
4629,迈巴赫 HL 38 TR(引擎),5,
4645,大陆公司 W670-7(引擎),5,
4709,三菱 10ZF21WT(引擎),5,
4885,戴姆勒-奔驰 DB-603A2(引擎),5,
4933,星状(引擎),5,
4965,池贝 V-4(引擎),5,
5125,T-26M(引擎),5,
5141,迈巴赫 HL 66 P(引擎),5,
5157,大陆公司 AV-1790-1(引擎),5,
5189,索玛 LM(引擎),5,
5381,T-26F(引擎),5,
5397,普达拉 EPA/3(引擎),5,
5445,德拉海伊 103(引擎),5,
5637,V-11(引擎),5,
5653,迈巴赫 HL 45 P(引擎),5,
5669,大陆公司 AV-1790-3(引擎),5,
5685,V-2-54SC(引擎),5,
5701,德拉海伊 103TT(引擎),5,
5893,V-12(引擎),5,
5909,迈巴赫 HL 234 P 45(引擎),5,
5909,迈巴赫 HL 234P45(引擎),5,
5925,大陆公司 AV-1790-5(引擎),5,
5957,德拉海伊  135(引擎),5,
5973,纳菲尔德・利伯蒂Mk.III(引擎),5,
6149,GAZ-11(引擎),5,
6165,普达拉 EPA/2(引擎),5,
6181,莱特 R-975EC2(引擎),5,
6197,102型(引擎),5,
6213,迈巴赫 HL 295(引擎),5,
6229,纳菲尔德・利伯蒂Mk.V(引擎),5,
6421,MB 507(引擎),5,
6437,克莱斯勒 A57(引擎),5,
6453,12150L7(引擎),5,
6469,苏拉(引擎),5,
6485,2x希德利(引擎),5,
6677,迈巴赫 HL90(引擎),5,
6693,双 凯迪拉克 44T4 串联(引擎),5,
6709,8V135(引擎),5,
6741,2x 罗・罗 幻影 II(引擎),5,
6917,GAZ-203(引擎),5,
6933,索玛 S-40(引擎),5,
6949,莱特 大陆公司 R-975C2(引擎),5,
6965,_12150LS_1,5,
6981,雷诺 T12(引擎),5,
7173,M-80(引擎),5,
7205,赫拉克勒斯(引擎),5,
7221,Continental_AOSI_895_5_Prem,5,
7237,雷诺 T14(引擎),5,
7253,D.A.V.(引擎),5,
7429,V-2KT(引擎),5,
7445,2xPorsche Typ 100(引擎),5,
7461,莱特 G200 M781C9GC1(引擎),5,
7493,星状 M(引擎),5,
7509,贝德福德双-6缸(引擎),5,
7701,2xPorsche Typ 100/1(引擎),5,
7717,双 凯迪拉克 42A 串联(引擎),5,
7941,AEC3(引擎),5,
7957,2xPorsche Typ 100/3(引擎),5,
7973,通用 艾莉森 V1710-E32(引擎),5,
8005,迈巴赫 HL 234 P 50(引擎),5,
8213,保时捷 180/2型(引擎),5,
8229,Ford_GAC_1,5,
8261,AMX B 270(引擎),5,
8453,GAZ-203F(引擎),5,
8469,哈其开斯(引擎),5,
8485,自由(引擎),5,
8517,MATHIS(引擎),5,
8709,GMC 6004(引擎),5,
8725,迈巴赫HL230 P30(引擎),5,
8741,福特 GAA M1(引擎),5,
8773,迈巴赫 HL 295 F(引擎),5,
8981,普达拉 NR(引擎),5,
8997,大陆公司 AV-1790-5A(引擎),5,
9029,_6F11SRY_FL,5,
9045,罗・罗M120发动机(引擎),5,
9221,M-50T(引擎),5,
9253,通用 6046(引擎),5,
9285,雷诺 UE(引擎),5,
9493,迈巴赫 HL 87(引擎),5,
9509,福特 GAF(引擎),5,
9541,Renault_2xD,5,
9749,迈巴赫 HL 110 P30(引擎),5,
9765,福特 GAFM2A1(引擎),5,
9797,Renault_S4B1,5,
9813,AEC A190(引擎),5,
9989,AEC-A190(引擎),5,
10005,迈巴赫 HL 130 P50(引擎),5,
10021,福特 GAFM2A2(引擎),5,
10069,GMC 6004 6-71S(引擎),5,
10245,V-2-54IS(引擎),5,
10261,迈巴赫 HL 234 P30 A型(引擎),5,
10309,索玛 S-40 Bis(引擎),5,
10325,GMC 6004 6-71A(引擎),5,
10517,泰拖拉 V-103(引擎),5,
10533,莱特 G200 M781 C9GC5(引擎),5,
10565,Panhard_V_450A,5,
10581,2 x利兰德 E165(引擎),5,
10757,BD-2(引擎),5,
10773,普达拉 C9(引擎),5,
10789,莱康明 0-435t(引擎),5,
10821,雷诺 V4(引擎),5,
10837,罗・罗 幻影(引擎),5,
11013,M-17FO(引擎),5,
11029,普达拉 NRi(引擎),5,
11045,通用 艾莉森 6046(引擎),5,
11077,底特律柴油机 6V53T(引擎),5,
11093,AEC 179型(引擎),5,
11269,V-14(引擎),5,
11285,迈巴赫 HL 295 B型(引擎),5,
11301,大陆公司 AV-1790-5B(引擎),5,
11333,底特律柴油机 6V53T-S(引擎),5,
11525,V-5U(引擎),5,
11557,大陆公司 AV-1790-7C(引擎),5,
11589,西瑞联合公司 HS110(引擎),5,
11845,SOFAM 12 GSdS(引擎),5,
11861,AEC A189(引擎),5,
12037,M-50D(引擎),5,
12053,2x Porsche Typ 100/1 Ausf.A(引擎),5,
12069,2x 44E24 V-8 Cadillac(引擎),5,
12101,Hotchis_V6,5,
12117,罗・罗 Mk.IVC型发动机(引擎),5,
12293,M-50TD(引擎),5,
12325,大陆公司 AOS-895-1(引擎),5,
12357,Citroen,5,
12373,罗・罗 格里芬(引擎),5,
12549,M500(引擎),5,
12565,迈巴赫 HL 210 P30 A型(引擎),5,
12581,别克60系列(引擎),5,
12629,D.A.V.O.C.(引擎),5,
12805,D-744(引擎),5,
12821,迈巴赫 HL 116(引擎),5,
12837,大陆公司 AV-1790-3A1(引擎),5,
13061,V-2-34A,5,
13093,大陆公司 AOI-1490(引擎),5,
13141,罗・罗 M120A型发动机(引擎),5,
13317,M-5-400F Bis(引擎),5,
13333,普拉达 EPA(引擎),5,
13349,Ford GAN 17型(引擎),5,
13381,_2xRenault_V12_KGM,5,
13573,M-17E(引擎),5,
13589,阿格斯(引擎),5,
13845,Maybach_HL_120_TRM_B,5,
13861,Packard,5,
13909,帕克斯曼 12TP(引擎),5,
14085,V-12 A(引擎),5,
14101,Maybach_HL_120_P45_A,5,
14117,Continental_R-975C4,5,
14149,Delahaye_103TTA,5,
14165,Rolls_Royse_Meteor_MkIV_A,5,
14357,Porsche_Typ_100WT,5,
14405,雷诺 ACL(引擎),5,
14421,纳菲尔德 利伯蒂Mk.II(引擎),5,
14597,V-54-6(引擎),5,
14613,MB559,5,
14629,Ford_GAA_A,5,
14661,SOFAM de 150 cv(引擎),5,
14677,福特 V8-221(引擎),5,
14853,Medous MAT(引擎),5,
14869,Maybach_HL_100,5,
14885,福特 GAF V8(引擎),5,
14917,迈巴赫 V-12 ACC(引擎),5,
14933,福特 V8-239(引擎),5,
15109,М-40(引擎),5,
15125,迈巴赫 HL 120 TRM 112(引擎),5,
15173,迈巴赫 HL 210 TRM P30(引擎),5,
15189, H.O.P.(引擎),5,
15365,2x V-2K-F(引擎),5,
15381,迈巴赫 HL 120 TRM V12(引擎),5,
15397,美国LFF公司 312A V-12(引擎),5,
15445,H.O.P.O.C.(引擎),5,
15621,V-5F(引擎),5,
15637,迈巴赫 HL 235(引擎),5,
15685,迈巴赫 850 CV(引擎),5,
15701,Rolls_Royse_Meteor_A,5,
15877,V-12-5(引擎),5,
15893,迈巴赫 HL 230 P30(引擎),5,
15360853,劳斯莱斯 Mk.IVB(引擎),5,
16776981,Development_Engine,5,
15361045,迈巴赫 HL 120 TRM(引擎),5,
15361109,劳斯莱斯 M300(引擎),5,
15909,大陆公司 AOI-1195-5(引擎),5,
16133,V-12-6(引擎),5,
16149,Maybach_HL_108TR_T,5,
16165,大陆公司 AV-1790-7B(引擎),5,
16213,罗.罗 流星 Mk.12(引擎),5,
16405,Maybach_HL_230P45_T,5,
16421,大陆公司 R670-7(引擎),5,
16469,怀特R975 EC2(引擎),5,
16661,迈巴赫 HL 45P(引擎),5,
16677,大陆公司 AOS-895-3(引擎),5,
16725,福特V8-220(引擎),5,
16917,奔驰MB 809(引擎),5,
16933,大陆公司 AOSI-895-5(引擎),5,
16981,罗・罗 流星V8(引擎),5,
17157,ZiS-60,5,
17173,MB 517(引擎),5,
17189,大陆公司 AV-1790-5C(引擎),5,
17237,罗・罗 流星M300(引擎),5,
17429,2x迈巴赫 HL 66 P(引擎),5,
17493,Meadows E.S.T.L.(引擎),5,
17685,MTU MB 837 A(引擎),5,
17701,大陆公司 AOI-628-1(引擎),5,
17941,MTU MB 838 CaM 500(引擎),5,
17957,大陆公司 AOI-628-2(引擎),5,
18181,GAZ-34-BT(引擎),5,
18197,奔驰MB503(引擎),5,
18437,DG(引擎),5,
18693,5TD(引擎),5,
18949,V-11U,5,
18965,MTU MB 837(引擎),5,
18981,大陆公司 AVDS-1790-2(引擎),5,
19205,V-12P(引擎),5,
19221,MTU MB 838 CaM 500A(引擎),5,
19461,V-16FN(引擎),5,
19493,福特GAF T92(引擎),5,
15360341,劳斯莱斯 Mk.IVC(引擎),5,
15360581,底特律 6V53T-S(引擎),5,
15360597,劳斯莱斯 M120(引擎),5,
51719,观察者(电台),7,
51207,Radio_01_KV,7,
51463,Radio_T-50-2,7,
51975,R-123 S型(电台),7,
64023,_testradio,7,
64279,Agrimotorradio,7,
64535,FuG5_T,7,
64791,卡尔(电台),7,
65047,Radio_PzIV,7,
65079,A-220B_T,7,
256039,T23radio,7,
7,信号旗(电台),7,
39,SCR 508/1(电台),7,
55,9RM(电台),7,
71,SCR 528(电台),7,
2343,SCR 528F(电台),7,
103,九四式Mk.4(电台),7,
263,71-TK-1(电台),7,
279,FuG 2(电台),7,
295,SCR 210(电台),7,
311,A-220(电台),7,
327,ER 52(电台),7,
519,71-TK-3(电台),7,
535,FuG 5(电台),7,
551,SCR 506(电台),7,
567,A-220A(电台),7,
583,ER 53(电台),7,
599,N19电台(电台),7,
599,英国 电台 N19(电台),7,
615,94 Mk.4特(电台),7,
775,9R(电台),7,
791,FuG 6(电台),7,
871,94式(电台),7,
871,94 Mk.4改(电台),7,
1031,10R(电台),7,
1047,FuG 7(电台),7,
1063,SCR 200(电台),7,
1095,ER 51(电台),7,
1111,WS No.14(电台),7,
1127,改(电台),7,
1303,FuG 8(电台),7,
1351,ER 55(电台),7,
1383,96式(电台),7,
1383,96 Mk.4波(电台),7,
1559,FuG 10(电台),7,
1591,马可尼 SB-4a(电台),7,
1607,FuG Spr.A(电台),7,
1639,3式(电台),7,
1639,三式一号(电台),7,
1799,9RK(电台),7,
1815,FuG 11(电台),7,
1831,SCR 538(电台),7,
1863,FuG8f(电台),7,
1863,FuG 8 (f)(电台),7,
1895,三式二号(电台),7,
2055,10RK(电台),7,
2071,FuG 12(电台),7,
2087,SCR 508(电台),7,
2103,A-220B(电台),7,
2135,WS No.19 Mk.II(电台),7,
2151,JAN/GRC-3Z(电台),7,
2311,12RT(电台),7,
2327,Fu 16(电台),7,
2375,ER 56(电台),7,
2391,WS No.19 Mk.I(电台),7,
2407,JAN/GRC-4Z(电台),7,
2567,WS No.19R(电台),7,
2663,67式(电台),7,
2823,10RK-26(电台),7,
2839,FuG 37(电台),7,
2855,AN/VRC-3(电台),7,
2887,SCR 619(电台),7,
3079,_55RK,7,
3095,FuG Spr.1(电台),7,
3111,SCR 510(电台),7,
3143,SCR_528_FL,7,
3159,N22(电台),7,
3335,R-113(电台),7,
3335,R113(电台),7,
3351,10WSc(电台),7,
3367,SCR 610(电台),7,
3399,ER_53A,7,
3591,12LL(电台),7,
3671,N22 Mk.II(电台),7,
3847,SCR 209(电台),7,
3863,FuG 7 F型(电台),7,
3879,SCR_210A,7,
3911,FuG5f,7,
3927,WS No.9(电台),7,
4103,71-TK-3U(电台),7,
4119,FuG 12 A(电台),7,
4135,SCR 510 M2(电台),7,
4151,AN/GRR-5(电台),7,
4167,FuG Spr.D(电台),7,
4183,WS No.11(电台),7,
4359,_10RB,7,
4375,FuG5 mit 20 WS.E.(电台),7,
4391,AN-GRC-3(电台),7,
4439,WS No.19 Mk.III(电台),7,
4615,_71-TK-3A,7,
4631,FuG12WT,7,
4647,AN-ARC-27(电台),7,
4679,ER_29A,7,
4871,10RT-26E(电台),7,
4903,SCR 528AM(电台),7,
4951,SR C42(电台),7,
5127,10RKM(电台),7,
5143,SEM 25(电台),7,
5191,SCR_528A,7,
5207,SR C45(电台),7,
5383,KRSTB(电台),7,
5399,SEM 25A(电台),7,
5463,N9A,7,
5639,_9RM_O,7,
5655,AN/GRC-4(电台),7,
5671,SCR_508A,7,
5895,Type 9(电台),7,
6151,R-113M(电台),7,
6167,FuGf(电台),7,
6407,R-123(电台),7,
6423,AN/GRC-7(电台),7,
6663,_9RSA,7,
6679,Fu 8(电台),7,
6919,_9RM_T,7,
7175,9RU(电台),7,
7431,R123A,7,
7687,_9R_O,7,
13607,SCR 193(电台),7,
13863,SCR_610A,7,
14119,AN/VRC-7(电台),7,
14375,AN/VRC-24(电台),7,
14887,AN/VRC-12(电台),7,
15399,SCR 528A(电台),7,
15655,AN/PRC-10(电台),7,
15360855,WS No.22(电台),7,
16776967,Development_Radio,7,
15911,AN/PRC-25(电台),7,
16167,AN/GRC-8(电台),7,
16423,SCR 528 增强型(电台),7,
16679,AN/PRC-8(电台),7,
15360279,FuG 7F(电台),7,
15360599,WS No.19(电台),7,
249,工具箱,9,
505,防崩落内衬（轻型）,9,
761,防崩落内衬（中型）,9,
1017,防崩落内衬（重型）,9,
1273,炮队镜,9,
1529,高级光学观察镜,9,
1785,伪装网,9,
2041,增强型维克斯悬挂装置,9,
2297,增强型烛式悬挂装置,9,
2553,增强型克里斯蒂悬挂装置,9,
2809,增强型扭杆1吨级,9,
3065,增强型扭杆3吨级,9,
3321,增强型扭杆5+吨级,9,
3577,强力弹簧,9,
3833,增强型操纵杆,9,
4089,增强型贝勒维尔垫圈,9,
4345,增强型扭杆,9,
4601,1级改进型通风系统,9,
4857,2级改进型通风系统,9,
5113,3级改进型通风系统,9,
5369,附加履带齿,9,
5625,中型坦克炮输弹机,9,
5881,重型坦克炮输弹机,9,
6137,中型火炮输弹机,9,
6393,重型火炮输弹机,9,
6649,改进型炮控系统,9,
6905,1级“水套”,9,
7161,2级“水套”,9,
7417,充二氧化碳气的油箱,9,
7673,燃油滤清器,9,
7929,火炮垂直稳定器 Mk 1,9,
8185,火炮垂直稳定器 Mk 2,9,
8441,一级加强型竖直螺旋弹簧,9,
8697,一级增强水平螺旋弹簧,9,
8953,二级增强型板簧悬挂装置,9,
9209,三级增强型板簧悬挂装置,9,
9465,二级增强水平螺旋弹簧,9,
9721,三级增强水平螺旋弹簧,9,
9977,二级加强型竖直螺旋弹簧,9,
10233,三级加强型竖直螺旋弹簧,9,
10489,增强型竖直板簧悬挂装置,9,
10745,增强型板簧悬挂装置,9,
11001,防崩落内衬（超重型）,9,
0,金币弹,10,
25851,可口可乐,11,
251,手动灭火器,11,
507,自动灭火器,11,
763,小急救包,11,
1019,大急救包,11,
1275,小修理箱,11,
1531,大修理箱,11,
1787,美制汽油,11,
2043,100号汽油,11,
2299,105号汽油,11,
2555,巧克力,11,
3067,S军口粮,11,
3323,发动机调速器,11,
3579,提神咖啡,11,
4091,红烧肉,11,
4347,高质量燃油,11,
4603,红茶布丁,11,
4859,饭团,11,
0,100%熟练度车组乘员,114,
0,100%车组乘员熟练度,114,A
0,车位,256,
0,VIP,260,
0,高级账号,260,A
0,vip,260,A
0,金币,266,
0,银币,267,
0,商城购物券,99,
1,游戏键盘,99,
2,游戏鼠标,99,
3,iPhone 6,99,
4,空礼包,99,
5,外星人 Alienware,99,
0,修理费,273,
9999,通用给养,11,
9999,配件,9,
0,坦克置换规则,15,
9999,匹配失败,666,
